ticker,market,tier
AA,us,TIER_1_SMALLCAP
AAL,us,TIER_1_SMALLCAP
AAMI,us,TIER_1_SMALLCAP
AAOI,us,TIER_1_SMALLCAP
AAON,us,TIER_1_SMALLCAP
AAP,us,TIER_1_SMALLCAP
AAT,us,TIER_1_SMALLCAP
ABCB,us,TIER_1_SMALLCAP
ABG,us,TIER_1_SMALLCAP
ABM,us,TIER_1_SMALLCAP
ABR,us,TIER_1_SMALLCAP
ACA,us,TIER_1_SMALLCAP
ACAD,us,TIER_1_SMALLCAP
ACHC,us,TIER_1_SMALLCAP
ACHR,us,TIER_1_SMALLCAP
ACI,us,TIER_1_SMALLCAP
ACIW,us,TIER_1_SMALLCAP
ACLS,us,TIER_1_SMALLCAP
ACM,us,TIER_1_SMALLCAP
ACMR,us,TIER_1_SMALLCAP
ACNT,us,TIER_1_SMALLCAP
ACRS,us,TIER_1_SMALLCAP
ACT,us,TIER_1_SMALLCAP
ADAM,us,TIER_1_SMALLCAP
ADC,us,TIER_1_SMALLCAP
ADEA,us,TIER_1_SMALLCAP
ADMA,us,TIER_1_SMALLCAP
ADNT,us,TIER_1_SMALLCAP
ADT,us,TIER_1_SMALLCAP
ADUS,us,TIER_1_SMALLCAP
AEIS,us,TIER_1_SMALLCAP
AEO,us,TIER_1_SMALLCAP
AESI,us,TIER_1_SMALLCAP
AFG,us,TIER_1_SMALLCAP
AGCO,us,TIER_1_SMALLCAP
AGIO,us,TIER_1_SMALLCAP
AGO,us,TIER_1_SMALLCAP
AGX,us,TIER_1_SMALLCAP
AGYS,us,TIER_1_SMALLCAP
AHCO,us,TIER_1_SMALLCAP
AHR,us,TIER_1_SMALLCAP
AIN,us,TIER_1_SMALLCAP
AIR,us,TIER_1_SMALLCAP
AIT,us,TIER_1_SMALLCAP
AKR,us,TIER_1_SMALLCAP
AL,us,TIER_1_SMALLCAP
ALG,us,TIER_1_SMALLCAP
ALGM,us,TIER_1_SMALLCAP
ALGT,us,TIER_1_SMALLCAP
ALK,us,TIER_1_SMALLCAP
ALKS,us,TIER_1_SMALLCAP
ALLY,us,TIER_1_SMALLCAP
ALNY,us,TIER_1_SMALLCAP
ALRM,us,TIER_1_SMALLCAP
ALV,us,TIER_1_SMALLCAP
AM,us,TIER_1_SMALLCAP
AMBA,us,TIER_1_SMALLCAP
AMG,us,TIER_1_SMALLCAP
AMH,us,TIER_1_SMALLCAP
AMKR,us,TIER_1_SMALLCAP
AMN,us,TIER_1_SMALLCAP
AMPH,us,TIER_1_SMALLCAP
AMPX,us,TIER_1_SMALLCAP
AMPY,us,TIER_1_SMALLCAP
AMR,us,TIER_1_SMALLCAP
AMRX,us,TIER_1_SMALLCAP
AMSF,us,TIER_1_SMALLCAP
AMTM,us,TIER_1_SMALLCAP
AMWD,us,TIER_1_SMALLCAP
AN,us,TIER_1_SMALLCAP
ANDE,us,TIER_1_SMALLCAP
ANF,us,TIER_1_SMALLCAP
ANIP,us,TIER_1_SMALLCAP
AORT,us,TIER_1_SMALLCAP
AOSL,us,TIER_1_SMALLCAP
APAM,us,TIER_1_SMALLCAP
APG,us,TIER_1_SMALLCAP
APLD,us,TIER_1_SMALLCAP
APLE,us,TIER_1_SMALLCAP
APLS,us,TIER_1_SMALLCAP
APOG,us,TIER_1_SMALLCAP
APPF,us,TIER_1_SMALLCAP
APPN,us,TIER_1_SMALLCAP
AR,us,TIER_1_SMALLCAP
ARCB,us,TIER_1_SMALLCAP
ARDX,us,TIER_1_SMALLCAP
ARGT,us,TIER_1_SMALLCAP
ARI,us,TIER_1_SMALLCAP
ARLO,us,TIER_1_SMALLCAP
ARLP,us,TIER_1_SMALLCAP
ARM,us,TIER_1_SMALLCAP
ARMK,us,TIER_1_SMALLCAP
AROC,us,TIER_1_SMALLCAP
ARR,us,TIER_1_SMALLCAP
ARVL,us,TIER_1_SMALLCAP
ARW,us,TIER_1_SMALLCAP
ARWR,us,TIER_1_SMALLCAP
ASB,us,TIER_1_SMALLCAP
ASGN,us,TIER_1_SMALLCAP
ASH,us,TIER_1_SMALLCAP
ASIX,us,TIER_1_SMALLCAP
ASML,us,TIER_1_SMALLCAP
ASO,us,TIER_1_SMALLCAP
ASTE,us,TIER_1_SMALLCAP
ASTH,us,TIER_1_SMALLCAP
ASTS,us,TIER_1_SMALLCAP
ATEN,us,TIER_1_SMALLCAP
ATGE,us,TIER_1_SMALLCAP
ATI,us,TIER_1_SMALLCAP
ATNI,us,TIER_1_SMALLCAP
ATR,us,TIER_1_SMALLCAP
ATRO,us,TIER_1_SMALLCAP
AUB,us,TIER_1_SMALLCAP
AVA,us,TIER_1_SMALLCAP
AVAV,us,TIER_1_SMALLCAP
AVNS,us,TIER_1_SMALLCAP
AVNT,us,TIER_1_SMALLCAP
AVT,us,TIER_1_SMALLCAP
AVTR,us,TIER_1_SMALLCAP
AWI,us,TIER_1_SMALLCAP
AWR,us,TIER_1_SMALLCAP
AX,us,TIER_1_SMALLCAP
AXL,us,TIER_1_SMALLCAP
AXNX,us,TIER_1_SMALLCAP
AXTA,us,TIER_1_SMALLCAP
AXTI,us,TIER_1_SMALLCAP
AYI,us,TIER_1_SMALLCAP
AZTA,us,TIER_1_SMALLCAP
AZZ,us,TIER_1_SMALLCAP
BAH,us,TIER_1_SMALLCAP
BANC,us,TIER_1_SMALLCAP
BAND,us,TIER_1_SMALLCAP
BANF,us,TIER_1_SMALLCAP
BANR,us,TIER_1_SMALLCAP
BATL,us,TIER_1_SMALLCAP
BBIO,us,TIER_1_SMALLCAP
BBT,us,TIER_1_SMALLCAP
BBWI,us,TIER_1_SMALLCAP
BC,us,TIER_1_SMALLCAP
BCAL,us,TIER_1_SMALLCAP
BCC,us,TIER_1_SMALLCAP
BCO,us,TIER_1_SMALLCAP
BCPC,us,TIER_1_SMALLCAP
BDC,us,TIER_1_SMALLCAP
BE,us,TIER_1_SMALLCAP
BEAM,us,TIER_1_SMALLCAP
BELFB,us,TIER_1_SMALLCAP
BFAM,us,TIER_1_SMALLCAP
BFH,us,TIER_1_SMALLCAP
BFS,us,TIER_1_SMALLCAP
BGC,us,TIER_1_SMALLCAP
BHE,us,TIER_1_SMALLCAP
BHF,us,TIER_1_SMALLCAP
BILL,us,TIER_1_SMALLCAP
BIO,us,TIER_1_SMALLCAP
BJ,us,TIER_1_SMALLCAP
BJRI,us,TIER_1_SMALLCAP
BKE,us,TIER_1_SMALLCAP
BKH,us,TIER_1_SMALLCAP
BKU,us,TIER_1_SMALLCAP
BL,us,TIER_1_SMALLCAP
BLD,us,TIER_1_SMALLCAP
BLFS,us,TIER_1_SMALLCAP
BLKB,us,TIER_1_SMALLCAP
BLUE,us,TIER_1_SMALLCAP
BMI,us,TIER_1_SMALLCAP
BMRN,us,TIER_1_SMALLCAP
BNGO,us,TIER_1_SMALLCAP
BOH,us,TIER_1_SMALLCAP
BOOT,us,TIER_1_SMALLCAP
BOX,us,TIER_1_SMALLCAP
BPOP,us,TIER_1_SMALLCAP
BRBR,us,TIER_1_SMALLCAP
BRC,us,TIER_1_SMALLCAP
BRKL,us,TIER_1_SMALLCAP
BRKR,us,TIER_1_SMALLCAP
BRKS,us,TIER_1_SMALLCAP
BRMK,us,TIER_1_SMALLCAP
BROS,us,TIER_1_SMALLCAP
BRP,us,TIER_1_SMALLCAP
BRX,us,TIER_1_SMALLCAP
BSVN,us,TIER_1_SMALLCAP
BSY,us,TIER_1_SMALLCAP
BTSG,us,TIER_1_SMALLCAP
BTU,us,TIER_1_SMALLCAP
BURL,us,TIER_1_SMALLCAP
BWA,us,TIER_1_SMALLCAP
BWXT,us,TIER_1_SMALLCAP
BXMT,us,TIER_1_SMALLCAP
BYD,us,TIER_1_SMALLCAP
BYDDY,us,TIER_1_SMALLCAP
CABO,us,TIER_1_SMALLCAP
CACI,us,TIER_1_SMALLCAP
CAKE,us,TIER_1_SMALLCAP
CALC,us,TIER_1_SMALLCAP
CALM,us,TIER_1_SMALLCAP
CALX,us,TIER_1_SMALLCAP
CALY,us,TIER_1_SMALLCAP
CAN,us,TIER_1_SMALLCAP
CAR,us,TIER_1_SMALLCAP
CARG,us,TIER_1_SMALLCAP
CART,us,TIER_1_SMALLCAP
CASH,us,TIER_1_SMALLCAP
CASY,us,TIER_1_SMALLCAP
CATO,us,TIER_1_SMALLCAP
CATY,us,TIER_1_SMALLCAP
CAVA,us,TIER_1_SMALLCAP
CBRL,us,TIER_1_SMALLCAP
CBSH,us,TIER_1_SMALLCAP
CBT,us,TIER_1_SMALLCAP
CBU,us,TIER_1_SMALLCAP
CBZ,us,TIER_1_SMALLCAP
CC,us,TIER_1_SMALLCAP
CCBG,us,TIER_1_SMALLCAP
CCEP,us,TIER_1_SMALLCAP
CCK,us,TIER_1_SMALLCAP
CCOI,us,TIER_1_SMALLCAP
CCS,us,TIER_1_SMALLCAP
CDE,us,TIER_1_SMALLCAP
CDP,us,TIER_1_SMALLCAP
CE,us,TIER_1_SMALLCAP
CEI,us,TIER_1_SMALLCAP
CELC,us,TIER_1_SMALLCAP
CELH,us,TIER_1_SMALLCAP
CENT,us,TIER_1_SMALLCAP
CENTA,us,TIER_1_SMALLCAP
CENX,us,TIER_1_SMALLCAP
CERT,us,TIER_1_SMALLCAP
CEVA,us,TIER_1_SMALLCAP
CFFN,us,TIER_1_SMALLCAP
CFR,us,TIER_1_SMALLCAP
CG,us,TIER_1_SMALLCAP
CGEM,us,TIER_1_SMALLCAP
CGNX,us,TIER_1_SMALLCAP
CHCO,us,TIER_1_SMALLCAP
CHDN,us,TIER_1_SMALLCAP
CHE,us,TIER_1_SMALLCAP
CHEF,us,TIER_1_SMALLCAP
CHGG,us,TIER_1_SMALLCAP
CHH,us,TIER_1_SMALLCAP
CHRD,us,TIER_1_SMALLCAP
CHUY,us,TIER_1_SMALLCAP
CHWY,us,TIER_1_SMALLCAP
CIFR,us,TIER_1_SMALLCAP
CIK,us,TIER_1_SMALLCAP
CIR,us,TIER_1_SMALLCAP
CLB,us,TIER_1_SMALLCAP
CLF,us,TIER_1_SMALLCAP
CLFD,us,TIER_1_SMALLCAP
CLH,us,TIER_1_SMALLCAP
CLNC,us,TIER_1_SMALLCAP
CLNE,us,TIER_1_SMALLCAP
CLSK,us,TIER_1_SMALLCAP
CMC,us,TIER_1_SMALLCAP
CMP,us,TIER_1_SMALLCAP
CNH,us,TIER_1_SMALLCAP
CNK,us,TIER_1_SMALLCAP
CNM,us,TIER_1_SMALLCAP
CNMD,us,TIER_1_SMALLCAP
CNO,us,TIER_1_SMALLCAP
CNR,us,TIER_1_SMALLCAP
CNS,us,TIER_1_SMALLCAP
CNX,us,TIER_1_SMALLCAP
CNXC,us,TIER_1_SMALLCAP
CNXN,us,TIER_1_SMALLCAP
COCO,us,TIER_1_SMALLCAP
CODA,us,TIER_1_SMALLCAP
COGT,us,TIER_1_SMALLCAP
COHU,us,TIER_1_SMALLCAP
COKE,us,TIER_1_SMALLCAP
COLB,us,TIER_1_SMALLCAP
COLL,us,TIER_1_SMALLCAP
COLM,us,TIER_1_SMALLCAP
CON,us,TIER_1_SMALLCAP
CONN,us,TIER_1_SMALLCAP
COOP,us,TIER_1_SMALLCAP
CORT,us,TIER_1_SMALLCAP
COTY,us,TIER_1_SMALLCAP
COUP,us,TIER_1_SMALLCAP
COUPA,us,TIER_1_SMALLCAP
CPF,us,TIER_1_SMALLCAP
CPK,us,TIER_1_SMALLCAP
CPNG,us,TIER_1_SMALLCAP
CPRI,us,TIER_1_SMALLCAP
CPRX,us,TIER_1_SMALLCAP
CR,us,TIER_1_SMALLCAP
CRBG,us,TIER_1_SMALLCAP
CRC,us,TIER_1_SMALLCAP
CRDO,us,TIER_1_SMALLCAP
CRGY,us,TIER_1_SMALLCAP
CRI,us,TIER_1_SMALLCAP
CRK,us,TIER_1_SMALLCAP
CROX,us,TIER_1_SMALLCAP
CRS,us,TIER_1_SMALLCAP
CRSR,us,TIER_1_SMALLCAP
CRUS,us,TIER_1_SMALLCAP
CRVL,us,TIER_1_SMALLCAP
CSGS,us,TIER_1_SMALLCAP
CSL,us,TIER_1_SMALLCAP
CSR,us,TIER_1_SMALLCAP
CSW,us,TIER_1_SMALLCAP
CTKB,us,TIER_1_SMALLCAP
CTLT,us,TIER_1_SMALLCAP
CTOS,us,TIER_1_SMALLCAP
CTRE,us,TIER_1_SMALLCAP
CTS,us,TIER_1_SMALLCAP
CUBE,us,TIER_1_SMALLCAP
CUBI,us,TIER_1_SMALLCAP
CURB,us,TIER_1_SMALLCAP
CUZ,us,TIER_1_SMALLCAP
CVBF,us,TIER_1_SMALLCAP
CVCO,us,TIER_1_SMALLCAP
CVCY,us,TIER_1_SMALLCAP
CVI,us,TIER_1_SMALLCAP
CVLT,us,TIER_1_SMALLCAP
CW,us,TIER_1_SMALLCAP
CWEN,us,TIER_1_SMALLCAP
CWEN-A,us,TIER_1_SMALLCAP
CWK,us,TIER_1_SMALLCAP
CWST,us,TIER_1_SMALLCAP
CWT,us,TIER_1_SMALLCAP
CXM,us,TIER_1_SMALLCAP
CXT,us,TIER_1_SMALLCAP
CXW,us,TIER_1_SMALLCAP
CYTK,us,TIER_1_SMALLCAP
CZR,us,TIER_1_SMALLCAP
DAN,us,TIER_1_SMALLCAP
DAR,us,TIER_1_SMALLCAP
DBX,us,TIER_1_SMALLCAP
DCI,us,TIER_1_SMALLCAP
DCOM,us,TIER_1_SMALLCAP
DDS,us,TIER_1_SMALLCAP
DEA,us,TIER_1_SMALLCAP
DEI,us,TIER_1_SMALLCAP
DFH,us,TIER_1_SMALLCAP
DFIN,us,TIER_1_SMALLCAP
DGII,us,TIER_1_SMALLCAP
DINO,us,TIER_1_SMALLCAP
DIOD,us,TIER_1_SMALLCAP
DKS,us,TIER_1_SMALLCAP
DLB,us,TIER_1_SMALLCAP
DLX,us,TIER_1_SMALLCAP
DNOW,us,TIER_1_SMALLCAP
DNTH,us,TIER_1_SMALLCAP
DOCN,us,TIER_1_SMALLCAP
DOCS,us,TIER_1_SMALLCAP
DOCU,us,TIER_1_SMALLCAP
DORM,us,TIER_1_SMALLCAP
DRH,us,TIER_1_SMALLCAP
DT,us,TIER_1_SMALLCAP
DTM,us,TIER_1_SMALLCAP
DUOL,us,TIER_1_SMALLCAP
DV,us,TIER_1_SMALLCAP
DXC,us,TIER_1_SMALLCAP
DXLG,us,TIER_1_SMALLCAP
DXPE,us,TIER_1_SMALLCAP
DY,us,TIER_1_SMALLCAP
EAT,us,TIER_1_SMALLCAP
ECG,us,TIER_1_SMALLCAP
ECPG,us,TIER_1_SMALLCAP
EDIT,us,TIER_1_SMALLCAP
EEFT,us,TIER_1_SMALLCAP
EFC,us,TIER_1_SMALLCAP
EGBN,us,TIER_1_SMALLCAP
EGHT,us,TIER_1_SMALLCAP
EGP,us,TIER_1_SMALLCAP
EHC,us,TIER_1_SMALLCAP
EIG,us,TIER_1_SMALLCAP
ELAN,us,TIER_1_SMALLCAP
ELF,us,TIER_1_SMALLCAP
ELS,us,TIER_1_SMALLCAP
EMBC,us,TIER_1_SMALLCAP
EMN,us,TIER_1_SMALLCAP
ENOV,us,TIER_1_SMALLCAP
ENPH,us,TIER_1_SMALLCAP
ENR,us,TIER_1_SMALLCAP
ENS,us,TIER_1_SMALLCAP
ENSG,us,TIER_1_SMALLCAP
ENTG,us,TIER_1_SMALLCAP
ENVA,us,TIER_1_SMALLCAP
EPAC,us,TIER_1_SMALLCAP
EPC,us,TIER_1_SMALLCAP
EPR,us,TIER_1_SMALLCAP
EPRT,us,TIER_1_SMALLCAP
EQH,us,TIER_1_SMALLCAP
ERAS,us,TIER_1_SMALLCAP
ESAB,us,TIER_1_SMALLCAP
ESE,us,TIER_1_SMALLCAP
ESI,us,TIER_1_SMALLCAP
ESNT,us,TIER_1_SMALLCAP
ETD,us,TIER_1_SMALLCAP
ETSY,us,TIER_1_SMALLCAP
EVBG,us,TIER_1_SMALLCAP
EVR,us,TIER_1_SMALLCAP
EVRI,us,TIER_1_SMALLCAP
EVTC,us,TIER_1_SMALLCAP
EVTL,us,TIER_1_SMALLCAP
EWBC,us,TIER_1_SMALLCAP
EXEL,us,TIER_1_SMALLCAP
EXLS,us,TIER_1_SMALLCAP
EXP,us,TIER_1_SMALLCAP
EXPI,us,TIER_1_SMALLCAP
EXPO,us,TIER_1_SMALLCAP
EXTR,us,TIER_1_SMALLCAP
EYE,us,TIER_1_SMALLCAP
EZPW,us,TIER_1_SMALLCAP
FAF,us,TIER_1_SMALLCAP
FATE,us,TIER_1_SMALLCAP
FBIN,us,TIER_1_SMALLCAP
FBK,us,TIER_1_SMALLCAP
FBMS,us,TIER_1_SMALLCAP
FBNC,us,TIER_1_SMALLCAP
FBP,us,TIER_1_SMALLCAP
FBRT,us,TIER_1_SMALLCAP
FCF,us,TIER_1_SMALLCAP
FCFS,us,TIER_1_SMALLCAP
FCN,us,TIER_1_SMALLCAP
FCNCA,us,TIER_1_SMALLCAP
FCPT,us,TIER_1_SMALLCAP
FDP,us,TIER_1_SMALLCAP
FELE,us,TIER_1_SMALLCAP
FER,us,TIER_1_SMALLCAP
FFBC,us,TIER_1_SMALLCAP
FFIE,us,TIER_1_SMALLCAP
FFIN,us,TIER_1_SMALLCAP
FHB,us,TIER_1_SMALLCAP
FHI,us,TIER_1_SMALLCAP
FHN,us,TIER_1_SMALLCAP
FIBK,us,TIER_1_SMALLCAP
FIVE,us,TIER_1_SMALLCAP
FIVN,us,TIER_1_SMALLCAP
FIZZ,us,TIER_1_SMALLCAP
FLEX,us,TIER_1_SMALLCAP
FLG,us,TIER_1_SMALLCAP
FLO,us,TIER_1_SMALLCAP
FLR,us,TIER_1_SMALLCAP
FLS,us,TIER_1_SMALLCAP
FLWS,us,TIER_1_SMALLCAP
FMC,us,TIER_1_SMALLCAP
FN,us,TIER_1_SMALLCAP
FNB,us,TIER_1_SMALLCAP
FND,us,TIER_1_SMALLCAP
FNF,us,TIER_1_SMALLCAP
FOLD,us,TIER_1_SMALLCAP
FORM,us,TIER_1_SMALLCAP
FOUR,us,TIER_1_SMALLCAP
FOXF,us,TIER_1_SMALLCAP
FR,us,TIER_1_SMALLCAP
FRME,us,TIER_1_SMALLCAP
FRPH,us,TIER_1_SMALLCAP
FRPT,us,TIER_1_SMALLCAP
FSS,us,TIER_1_SMALLCAP
FTAI,us,TIER_1_SMALLCAP
FTDR,us,TIER_1_SMALLCAP
FTI,us,TIER_1_SMALLCAP
FTRE,us,TIER_1_SMALLCAP
FUL,us,TIER_1_SMALLCAP
FULC,us,TIER_1_SMALLCAP
FULT,us,TIER_1_SMALLCAP
FUN,us,TIER_1_SMALLCAP
FWRD,us,TIER_1_SMALLCAP
G,us,TIER_1_SMALLCAP
GAP,us,TIER_1_SMALLCAP
GATX,us,TIER_1_SMALLCAP
GBCI,us,TIER_1_SMALLCAP
GBX,us,TIER_1_SMALLCAP
GDEN,us,TIER_1_SMALLCAP
GDOT,us,TIER_1_SMALLCAP
GDYN,us,TIER_1_SMALLCAP
GEF,us,TIER_1_SMALLCAP
GEO,us,TIER_1_SMALLCAP
GES,us,TIER_1_SMALLCAP
GFED,us,TIER_1_SMALLCAP
GFF,us,TIER_1_SMALLCAP
GGG,us,TIER_1_SMALLCAP
GH,us,TIER_1_SMALLCAP
GHC,us,TIER_1_SMALLCAP
GIII,us,TIER_1_SMALLCAP
GKOS,us,TIER_1_SMALLCAP
GLBE,us,TIER_1_SMALLCAP
GLPI,us,TIER_1_SMALLCAP
GMAN,us,TIER_1_SMALLCAP
GME,us,TIER_1_SMALLCAP
GMED,us,TIER_1_SMALLCAP
GMRE,us,TIER_1_SMALLCAP
GNL,us,TIER_1_SMALLCAP
GNTX,us,TIER_1_SMALLCAP
GNW,us,TIER_1_SMALLCAP
GO,us,TIER_1_SMALLCAP
GOEV,us,TIER_1_SMALLCAP
GOGO,us,TIER_1_SMALLCAP
GOLF,us,TIER_1_SMALLCAP
GPGI,us,TIER_1_SMALLCAP
GPI,us,TIER_1_SMALLCAP
GPK,us,TIER_1_SMALLCAP
GPMT,us,TIER_1_SMALLCAP
GPP,us,TIER_1_SMALLCAP
GRBK,us,TIER_1_SMALLCAP
GRC,us,TIER_1_SMALLCAP
GSAT,us,TIER_1_SMALLCAP
GSHD,us,TIER_1_SMALLCAP
GT,us,TIER_1_SMALLCAP
GTES,us,TIER_1_SMALLCAP
GTLS,us,TIER_1_SMALLCAP
GTM,us,TIER_1_SMALLCAP
GTN,us,TIER_1_SMALLCAP
GTY,us,TIER_1_SMALLCAP
GVA,us,TIER_1_SMALLCAP
GWRE,us,TIER_1_SMALLCAP
GXO,us,TIER_1_SMALLCAP
H,us,TIER_1_SMALLCAP
HAE,us,TIER_1_SMALLCAP
HAFC,us,TIER_1_SMALLCAP
HALO,us,TIER_1_SMALLCAP
HASI,us,TIER_1_SMALLCAP
HAYW,us,TIER_1_SMALLCAP
HBT,us,TIER_1_SMALLCAP
HCC,us,TIER_1_SMALLCAP
HCDI,us,TIER_1_SMALLCAP
HCI,us,TIER_1_SMALLCAP
HCSG,us,TIER_1_SMALLCAP
HDSN,us,TIER_1_SMALLCAP
HE,us,TIER_1_SMALLCAP
HEES,us,TIER_1_SMALLCAP
HFWA,us,TIER_1_SMALLCAP
HGV,us,TIER_1_SMALLCAP
HIBB,us,TIER_1_SMALLCAP
HIMS,us,TIER_1_SMALLCAP
HIW,us,TIER_1_SMALLCAP
HL,us,TIER_1_SMALLCAP
HLI,us,TIER_1_SMALLCAP
HLIT,us,TIER_1_SMALLCAP
HLNE,us,TIER_1_SMALLCAP
HLX,us,TIER_1_SMALLCAP
HMN,us,TIER_1_SMALLCAP
HNI,us,TIER_1_SMALLCAP
HOG,us,TIER_1_SMALLCAP
HOMB,us,TIER_1_SMALLCAP
HONE,us,TIER_1_SMALLCAP
HOPE,us,TIER_1_SMALLCAP
HP,us,TIER_1_SMALLCAP
HQY,us,TIER_1_SMALLCAP
HR,us,TIER_1_SMALLCAP
HRB,us,TIER_1_SMALLCAP
HRMY,us,TIER_1_SMALLCAP
HSTM,us,TIER_1_SMALLCAP
HTH,us,TIER_1_SMALLCAP
HTLD,us,TIER_1_SMALLCAP
HTLF,us,TIER_1_SMALLCAP
HTO,us,TIER_1_SMALLCAP
HTZ,us,TIER_1_SMALLCAP
HUBG,us,TIER_1_SMALLCAP
HUMA,us,TIER_1_SMALLCAP
HWC,us,TIER_1_SMALLCAP
HWKN,us,TIER_1_SMALLCAP
HXL,us,TIER_1_SMALLCAP
HZO,us,TIER_1_SMALLCAP
IAC,us,TIER_1_SMALLCAP
IART,us,TIER_1_SMALLCAP
IBOC,us,TIER_1_SMALLCAP
IBP,us,TIER_1_SMALLCAP
IBTX,us,TIER_1_SMALLCAP
ICHR,us,TIER_1_SMALLCAP
ICUI,us,TIER_1_SMALLCAP
IDA,us,TIER_1_SMALLCAP
IDCC,us,TIER_1_SMALLCAP
IDT,us,TIER_1_SMALLCAP
IIIN,us,TIER_1_SMALLCAP
IIPR,us,TIER_1_SMALLCAP
IIVI,us,TIER_1_SMALLCAP
ILMN,us,TIER_1_SMALLCAP
IMCO,us,TIER_1_SMALLCAP
IMNM,us,TIER_1_SMALLCAP
IMOS,us,TIER_1_SMALLCAP
IMVT,us,TIER_1_SMALLCAP
INDB,us,TIER_1_SMALLCAP
INDV,us,TIER_1_SMALLCAP
INFN,us,TIER_1_SMALLCAP
INGR,us,TIER_1_SMALLCAP
INMD,us,TIER_1_SMALLCAP
INSM,us,TIER_1_SMALLCAP
INSP,us,TIER_1_SMALLCAP
INSW,us,TIER_1_SMALLCAP
INVA,us,TIER_1_SMALLCAP
INVX,us,TIER_1_SMALLCAP
IONQ,us,TIER_1_SMALLCAP
IONS,us,TIER_1_SMALLCAP
IOSP,us,TIER_1_SMALLCAP
IOT,us,TIER_1_SMALLCAP
IPAR,us,TIER_1_SMALLCAP
IPGP,us,TIER_1_SMALLCAP
IRDM,us,TIER_1_SMALLCAP
IRT,us,TIER_1_SMALLCAP
IRTC,us,TIER_1_SMALLCAP
ITGR,us,TIER_1_SMALLCAP
ITRI,us,TIER_1_SMALLCAP
ITT,us,TIER_1_SMALLCAP
JACK,us,TIER_1_SMALLCAP
JAZZ,us,TIER_1_SMALLCAP
JBGS,us,TIER_1_SMALLCAP
JBLU,us,TIER_1_SMALLCAP
JBSS,us,TIER_1_SMALLCAP
JBTM,us,TIER_1_SMALLCAP
JEF,us,TIER_1_SMALLCAP
JHG,us,TIER_1_SMALLCAP
JJSF,us,TIER_1_SMALLCAP
JLL,us,TIER_1_SMALLCAP
JOBY,us,TIER_1_SMALLCAP
JOE,us,TIER_1_SMALLCAP
JXN,us,TIER_1_SMALLCAP
KAI,us,TIER_1_SMALLCAP
KALU,us,TIER_1_SMALLCAP
KBAL,us,TIER_1_SMALLCAP
KBH,us,TIER_1_SMALLCAP
KBR,us,TIER_1_SMALLCAP
KD,us,TIER_1_SMALLCAP
KEX,us,TIER_1_SMALLCAP
KFRC,us,TIER_1_SMALLCAP
KFY,us,TIER_1_SMALLCAP
KGS,us,TIER_1_SMALLCAP
KIRK,us,TIER_1_SMALLCAP
KLIC,us,TIER_1_SMALLCAP
KMPR,us,TIER_1_SMALLCAP
KMT,us,TIER_1_SMALLCAP
KMX,us,TIER_1_SMALLCAP
KN,us,TIER_1_SMALLCAP
KNF,us,TIER_1_SMALLCAP
KNSL,us,TIER_1_SMALLCAP
KNTK,us,TIER_1_SMALLCAP
KNX,us,TIER_1_SMALLCAP
KOP,us,TIER_1_SMALLCAP
KRC,us,TIER_1_SMALLCAP
KREF,us,TIER_1_SMALLCAP
KRG,us,TIER_1_SMALLCAP
KRYS,us,TIER_1_SMALLCAP
KSS,us,TIER_1_SMALLCAP
KTB,us,TIER_1_SMALLCAP
KTOS,us,TIER_1_SMALLCAP
KW,us,TIER_1_SMALLCAP
KWR,us,TIER_1_SMALLCAP
LAD,us,TIER_1_SMALLCAP
LAMR,us,TIER_1_SMALLCAP
LASR,us,TIER_1_SMALLCAP
LAUR,us,TIER_1_SMALLCAP
LBRT,us,TIER_1_SMALLCAP
LCII,us,TIER_1_SMALLCAP
LEA,us,TIER_1_SMALLCAP
LECO,us,TIER_1_SMALLCAP
LEG,us,TIER_1_SMALLCAP
LEU,us,TIER_1_SMALLCAP
LFUS,us,TIER_1_SMALLCAP
LGIH,us,TIER_1_SMALLCAP
LGND,us,TIER_1_SMALLCAP
LI,us,TIER_1_SMALLCAP
LIF,us,TIER_1_SMALLCAP
LILM,us,TIER_1_SMALLCAP
LIVN,us,TIER_1_SMALLCAP
LKFN,us,TIER_1_SMALLCAP
LKQ,us,TIER_1_SMALLCAP
LMAT,us,TIER_1_SMALLCAP
LMND,us,TIER_1_SMALLCAP
LMNS,us,TIER_1_SMALLCAP
LNC,us,TIER_1_SMALLCAP
LNN,us,TIER_1_SMALLCAP
LNTH,us,TIER_1_SMALLCAP
LOPE,us,TIER_1_SMALLCAP
LPG,us,TIER_1_SMALLCAP
LPSN,us,TIER_1_SMALLCAP
LPX,us,TIER_1_SMALLCAP
LQDA,us,TIER_1_SMALLCAP
LQDT,us,TIER_1_SMALLCAP
LRN,us,TIER_1_SMALLCAP
LSCC,us,TIER_1_SMALLCAP
LSTR,us,TIER_1_SMALLCAP
LTC,us,TIER_1_SMALLCAP
LTH,us,TIER_1_SMALLCAP
LUMN,us,TIER_1_SMALLCAP
LUNR,us,TIER_1_SMALLCAP
LW,us,TIER_1_SMALLCAP
LXP,us,TIER_1_SMALLCAP
LYFT,us,TIER_1_SMALLCAP
LYTS,us,TIER_1_SMALLCAP
LZ,us,TIER_1_SMALLCAP
LZB,us,TIER_1_SMALLCAP
M,us,TIER_1_SMALLCAP
MAC,us,TIER_1_SMALLCAP
MAN,us,TIER_1_SMALLCAP
MANH,us,TIER_1_SMALLCAP
MARA,us,TIER_1_SMALLCAP
MASI,us,TIER_1_SMALLCAP
MAT,us,TIER_1_SMALLCAP
MATW,us,TIER_1_SMALLCAP
MATX,us,TIER_1_SMALLCAP
MAXN,us,TIER_1_SMALLCAP
MBC,us,TIER_1_SMALLCAP
MBIN,us,TIER_1_SMALLCAP
MC,us,TIER_1_SMALLCAP
MCB,us,TIER_1_SMALLCAP
MCBS,us,TIER_1_SMALLCAP
MCRI,us,TIER_1_SMALLCAP
MCW,us,TIER_1_SMALLCAP
MCY,us,TIER_1_SMALLCAP
MD,us,TIER_1_SMALLCAP
MDGL,us,TIER_1_SMALLCAP
MDU,us,TIER_1_SMALLCAP
MDXG,us,TIER_1_SMALLCAP
MEDP,us,TIER_1_SMALLCAP
MELI,us,TIER_1_SMALLCAP
METC,us,TIER_1_SMALLCAP
MFA,us,TIER_1_SMALLCAP
MFIN,us,TIER_1_SMALLCAP
MGEE,us,TIER_1_SMALLCAP
MGNX,us,TIER_1_SMALLCAP
MGPI,us,TIER_1_SMALLCAP
MGRC,us,TIER_1_SMALLCAP
MGY,us,TIER_1_SMALLCAP
MHK,us,TIER_1_SMALLCAP
MHO,us,TIER_1_SMALLCAP
MIDD,us,TIER_1_SMALLCAP
MIR,us,TIER_1_SMALLCAP
MKSI,us,TIER_1_SMALLCAP
MKTX,us,TIER_1_SMALLCAP
MLAB,us,TIER_1_SMALLCAP
MLI,us,TIER_1_SMALLCAP
MLKN,us,TIER_1_SMALLCAP
MLNK,us,TIER_1_SMALLCAP
MMI,us,TIER_1_SMALLCAP
MMS,us,TIER_1_SMALLCAP
MMSI,us,TIER_1_SMALLCAP
MNKD,us,TIER_1_SMALLCAP
MNRL,us,TIER_1_SMALLCAP
MNRO,us,TIER_1_SMALLCAP
MOD,us,TIER_1_SMALLCAP
MODG,us,TIER_1_SMALLCAP
MOG-A,us,TIER_1_SMALLCAP
MOH,us,TIER_1_SMALLCAP
MORN,us,TIER_1_SMALLCAP
MP,us,TIER_1_SMALLCAP
MPLN,us,TIER_1_SMALLCAP
MPT,us,TIER_1_SMALLCAP
MRCY,us,TIER_1_SMALLCAP
MRIN,us,TIER_1_SMALLCAP
MRP,us,TIER_1_SMALLCAP
MRTN,us,TIER_1_SMALLCAP
MRUS,us,TIER_1_SMALLCAP
MRVL,us,TIER_1_SMALLCAP
MSA,us,TIER_1_SMALLCAP
MSEX,us,TIER_1_SMALLCAP
MSFUT,us,TIER_1_SMALLCAP
MSGS,us,TIER_1_SMALLCAP
MSM,us,TIER_1_SMALLCAP
MSTR,us,TIER_1_SMALLCAP
MTCH,us,TIER_1_SMALLCAP
MTDR,us,TIER_1_SMALLCAP
MTG,us,TIER_1_SMALLCAP
MTH,us,TIER_1_SMALLCAP
MTN,us,TIER_1_SMALLCAP
MTRN,us,TIER_1_SMALLCAP
MTSI,us,TIER_1_SMALLCAP
MTUS,us,TIER_1_SMALLCAP
MTX,us,TIER_1_SMALLCAP
MTZ,us,TIER_1_SMALLCAP
MULN,us,TIER_1_SMALLCAP
MUR,us,TIER_1_SMALLCAP
MUSA,us,TIER_1_SMALLCAP
MWA,us,TIER_1_SMALLCAP
MXL,us,TIER_1_SMALLCAP
MYMD,us,TIER_1_SMALLCAP
MYRG,us,TIER_1_SMALLCAP
MZTI,us,TIER_1_SMALLCAP
NABL,us,TIER_1_SMALLCAP
NARI,us,TIER_1_SMALLCAP
NATL,us,TIER_1_SMALLCAP
NAVI,us,TIER_1_SMALLCAP
NBHC,us,TIER_1_SMALLCAP
NBIX,us,TIER_1_SMALLCAP
NBTB,us,TIER_1_SMALLCAP
NBTX,us,TIER_1_SMALLCAP
NE,us,TIER_1_SMALLCAP
NEO,us,TIER_1_SMALLCAP
NEOG,us,TIER_1_SMALLCAP
NEU,us,TIER_1_SMALLCAP
NEWR,us,TIER_1_SMALLCAP
NFG,us,TIER_1_SMALLCAP
NGEN,us,TIER_1_SMALLCAP
NGVT,us,TIER_1_SMALLCAP
NHC,us,TIER_1_SMALLCAP
NHI,us,TIER_1_SMALLCAP
NIO,us,TIER_1_SMALLCAP
NJR,us,TIER_1_SMALLCAP
NKLA,us,TIER_1_SMALLCAP
NLY,us,TIER_1_SMALLCAP
NMIH,us,TIER_1_SMALLCAP
NNN,us,TIER_1_SMALLCAP
NOG,us,TIER_1_SMALLCAP
NOV,us,TIER_1_SMALLCAP
NOVA,us,TIER_1_SMALLCAP
NOVT,us,TIER_1_SMALLCAP
NPK,us,TIER_1_SMALLCAP
NPO,us,TIER_1_SMALLCAP
NRC,us,TIER_1_SMALLCAP
NRIX,us,TIER_1_SMALLCAP
NSA,us,TIER_1_SMALLCAP
NSIT,us,TIER_1_SMALLCAP
NSP,us,TIER_1_SMALLCAP
NSSC,us,TIER_1_SMALLCAP
NTCT,us,TIER_1_SMALLCAP
NTGR,us,TIER_1_SMALLCAP
NTLA,us,TIER_1_SMALLCAP
NTLS,us,TIER_1_SMALLCAP
NTNX,us,TIER_1_SMALLCAP
NTRA,us,TIER_1_SMALLCAP
NTWK,us,TIER_1_SMALLCAP
NUS,us,TIER_1_SMALLCAP
NUVL,us,TIER_1_SMALLCAP
NVEE,us,TIER_1_SMALLCAP
NVRI,us,TIER_1_SMALLCAP
NVST,us,TIER_1_SMALLCAP
NVT,us,TIER_1_SMALLCAP
NWBI,us,TIER_1_SMALLCAP
NWE,us,TIER_1_SMALLCAP
NWL,us,TIER_1_SMALLCAP
NWN,us,TIER_1_SMALLCAP
NX,us,TIER_1_SMALLCAP
NXRT,us,TIER_1_SMALLCAP
NXST,us,TIER_1_SMALLCAP
NXT,us,TIER_1_SMALLCAP
NYT,us,TIER_1_SMALLCAP
OC,us,TIER_1_SMALLCAP
OCGN,us,TIER_1_SMALLCAP
OFG,us,TIER_1_SMALLCAP
OGE,us,TIER_1_SMALLCAP
OGN,us,TIER_1_SMALLCAP
OGS,us,TIER_1_SMALLCAP
OHI,us,TIER_1_SMALLCAP
OI,us,TIER_1_SMALLCAP
OII,us,TIER_1_SMALLCAP
OKTA,us,TIER_1_SMALLCAP
OLED,us,TIER_1_SMALLCAP
OLLI,us,TIER_1_SMALLCAP
OLN,us,TIER_1_SMALLCAP
OMCL,us,TIER_1_SMALLCAP
OMN,us,TIER_1_SMALLCAP
ONB,us,TIER_1_SMALLCAP
ONTO,us,TIER_1_SMALLCAP
OOMA,us,TIER_1_SMALLCAP
OPBK,us,TIER_1_SMALLCAP
OPCH,us,TIER_1_SMALLCAP
OPLN,us,TIER_1_SMALLCAP
OPRT,us,TIER_1_SMALLCAP
ORA,us,TIER_1_SMALLCAP
ORGO,us,TIER_1_SMALLCAP
ORI,us,TIER_1_SMALLCAP
OSIS,us,TIER_1_SMALLCAP
OSK,us,TIER_1_SMALLCAP
OSW,us,TIER_1_SMALLCAP
OTTR,us,TIER_1_SMALLCAP
OUT,us,TIER_1_SMALLCAP
OVV,us,TIER_1_SMALLCAP
OXM,us,TIER_1_SMALLCAP
OZK,us,TIER_1_SMALLCAP
PACS,us,TIER_1_SMALLCAP
PAG,us,TIER_1_SMALLCAP
PAGP,us,TIER_1_SMALLCAP
PAHC,us,TIER_1_SMALLCAP
PARR,us,TIER_1_SMALLCAP
PATH,us,TIER_1_SMALLCAP
PATK,us,TIER_1_SMALLCAP
PAYC,us,TIER_1_SMALLCAP
PAYO,us,TIER_1_SMALLCAP
PB,us,TIER_1_SMALLCAP
PBF,us,TIER_1_SMALLCAP
PBH,us,TIER_1_SMALLCAP
PBI,us,TIER_1_SMALLCAP
PCRX,us,TIER_1_SMALLCAP
PCTY,us,TIER_1_SMALLCAP
PDCO,us,TIER_1_SMALLCAP
PDD,us,TIER_1_SMALLCAP
PDFS,us,TIER_1_SMALLCAP
PDVP,us,TIER_1_SMALLCAP
PEB,us,TIER_1_SMALLCAP
PECK,us,TIER_1_SMALLCAP
PECO,us,TIER_1_SMALLCAP
PEGA,us,TIER_1_SMALLCAP
PEN,us,TIER_1_SMALLCAP
PENG,us,TIER_1_SMALLCAP
PENN,us,TIER_1_SMALLCAP
PFBC,us,TIER_1_SMALLCAP
PFGC,us,TIER_1_SMALLCAP
PFS,us,TIER_1_SMALLCAP
PGNY,us,TIER_1_SMALLCAP
PHIN,us,TIER_1_SMALLCAP
PHX,us,TIER_1_SMALLCAP
PI,us,TIER_1_SMALLCAP
PII,us,TIER_1_SMALLCAP
PINS,us,TIER_1_SMALLCAP
PIPR,us,TIER_1_SMALLCAP
PJT,us,TIER_1_SMALLCAP
PK,us,TIER_1_SMALLCAP
PKOH,us,TIER_1_SMALLCAP
PL,us,TIER_1_SMALLCAP
PLAB,us,TIER_1_SMALLCAP
PLAY,us,TIER_1_SMALLCAP
PLMR,us,TIER_1_SMALLCAP
PLNT,us,TIER_1_SMALLCAP
PLRX,us,TIER_1_SMALLCAP
PLSE,us,TIER_1_SMALLCAP
PLUS,us,TIER_1_SMALLCAP
PLXS,us,TIER_1_SMALLCAP
PLYM,us,TIER_1_SMALLCAP
PMT,us,TIER_1_SMALLCAP
PMTS,us,TIER_1_SMALLCAP
PNFP,us,TIER_1_SMALLCAP
POR,us,TIER_1_SMALLCAP
POST,us,TIER_1_SMALLCAP
POWI,us,TIER_1_SMALLCAP
POWL,us,TIER_1_SMALLCAP
PPC,us,TIER_1_SMALLCAP
PPTA,us,TIER_1_SMALLCAP
PR,us,TIER_1_SMALLCAP
PRA,us,TIER_1_SMALLCAP
PRAA,us,TIER_1_SMALLCAP
PRAX,us,TIER_1_SMALLCAP
PRDO,us,TIER_1_SMALLCAP
PRG,us,TIER_1_SMALLCAP
PRGO,us,TIER_1_SMALLCAP
PRGS,us,TIER_1_SMALLCAP
PRI,us,TIER_1_SMALLCAP
PRIM,us,TIER_1_SMALLCAP
PRK,us,TIER_1_SMALLCAP
PRKS,us,TIER_1_SMALLCAP
PRLB,us,TIER_1_SMALLCAP
PRO,us,TIER_1_SMALLCAP
PROF,us,TIER_1_SMALLCAP
PROS,us,TIER_1_SMALLCAP
PRPB,us,TIER_1_SMALLCAP
PRSP,us,TIER_1_SMALLCAP
PRSU,us,TIER_1_SMALLCAP
PRTA,us,TIER_1_SMALLCAP
PRTK,us,TIER_1_SMALLCAP
PRTS,us,TIER_1_SMALLCAP
PRVA,us,TIER_1_SMALLCAP
PRVB,us,TIER_1_SMALLCAP
PSMT,us,TIER_1_SMALLCAP
PSN,us,TIER_1_SMALLCAP
PSTG,us,TIER_1_SMALLCAP
PSTV,us,TIER_1_SMALLCAP
PTCT,us,TIER_1_SMALLCAP
PTEN,us,TIER_1_SMALLCAP
PTGX,us,TIER_1_SMALLCAP
PTRA,us,TIER_1_SMALLCAP
PVH,us,TIER_1_SMALLCAP
PZZA,us,TIER_1_SMALLCAP
QCRH,us,TIER_1_SMALLCAP
QDEL,us,TIER_1_SMALLCAP
QLYS,us,TIER_1_SMALLCAP
QNST,us,TIER_1_SMALLCAP
QRVO,us,TIER_1_SMALLCAP
QTWO,us,TIER_1_SMALLCAP
R,us,TIER_1_SMALLCAP
RAL,us,TIER_1_SMALLCAP
RAMP,us,TIER_1_SMALLCAP
RARE,us,TIER_1_SMALLCAP
RBA,us,TIER_1_SMALLCAP
RBC,us,TIER_1_SMALLCAP
RC,us,TIER_1_SMALLCAP
RCUS,us,TIER_1_SMALLCAP
RDN,us,TIER_1_SMALLCAP
RDNT,us,TIER_1_SMALLCAP
RDW,us,TIER_1_SMALLCAP
REI,us,TIER_1_SMALLCAP
RES,us,TIER_1_SMALLCAP
REX,us,TIER_1_SMALLCAP
REXR,us,TIER_1_SMALLCAP
REYN,us,TIER_1_SMALLCAP
REZI,us,TIER_1_SMALLCAP
RGA,us,TIER_1_SMALLCAP
RGEN,us,TIER_1_SMALLCAP
RGLD,us,TIER_1_SMALLCAP
RH,us,TIER_1_SMALLCAP
RHI,us,TIER_1_SMALLCAP
RHP,us,TIER_1_SMALLCAP
RIDE,us,TIER_1_SMALLCAP
RIOT,us,TIER_1_SMALLCAP
RITM,us,TIER_1_SMALLCAP
RKLB,us,TIER_1_SMALLCAP
RKT,us,TIER_1_SMALLCAP
RLI,us,TIER_1_SMALLCAP
RMBS,us,TIER_1_SMALLCAP
RNG,us,TIER_1_SMALLCAP
RNR,us,TIER_1_SMALLCAP
RNST,us,TIER_1_SMALLCAP
ROAD,us,TIER_1_SMALLCAP
ROCK,us,TIER_1_SMALLCAP
ROG,us,TIER_1_SMALLCAP
ROIV,us,TIER_1_SMALLCAP
RPM,us,TIER_1_SMALLCAP
RRC,us,TIER_1_SMALLCAP
RRR,us,TIER_1_SMALLCAP
RRX,us,TIER_1_SMALLCAP
RS,us,TIER_1_SMALLCAP
RUN,us,TIER_1_SMALLCAP
RUSHA,us,TIER_1_SMALLCAP
RVMD,us,TIER_1_SMALLCAP
RWT,us,TIER_1_SMALLCAP
RXO,us,TIER_1_SMALLCAP
RYAM,us,TIER_1_SMALLCAP
RYAN,us,TIER_1_SMALLCAP
RYN,us,TIER_1_SMALLCAP
SABR,us,TIER_1_SMALLCAP
SACH,us,TIER_1_SMALLCAP
SAFE,us,TIER_1_SMALLCAP
SAFT,us,TIER_1_SMALLCAP
SAGE,us,TIER_1_SMALLCAP
SAH,us,TIER_1_SMALLCAP
SAIA,us,TIER_1_SMALLCAP
SAIC,us,TIER_1_SMALLCAP
SAM,us,TIER_1_SMALLCAP
SAMG,us,TIER_1_SMALLCAP
SANM,us,TIER_1_SMALLCAP
SARO,us,TIER_1_SMALLCAP
SBCF,us,TIER_1_SMALLCAP
SBH,us,TIER_1_SMALLCAP
SBOW,us,TIER_1_SMALLCAP
SBRA,us,TIER_1_SMALLCAP
SBSI,us,TIER_1_SMALLCAP
SCHL,us,TIER_1_SMALLCAP
SCI,us,TIER_1_SMALLCAP
SCL,us,TIER_1_SMALLCAP
SCSC,us,TIER_1_SMALLCAP
SDGR,us,TIER_1_SMALLCAP
SEDG,us,TIER_1_SMALLCAP
SEE,us,TIER_1_SMALLCAP
SEIC,us,TIER_1_SMALLCAP
SEM,us,TIER_1_SMALLCAP
SENS,us,TIER_1_SMALLCAP
SEZL,us,TIER_1_SMALLCAP
SF,us,TIER_1_SMALLCAP
SFBS,us,TIER_1_SMALLCAP
SFM,us,TIER_1_SMALLCAP
SFNC,us,TIER_1_SMALLCAP
SGI,us,TIER_1_SMALLCAP
SHAK,us,TIER_1_SMALLCAP
SHC,us,TIER_1_SMALLCAP
SHEN,us,TIER_1_SMALLCAP
SHO,us,TIER_1_SMALLCAP
SHOO,us,TIER_1_SMALLCAP
SHOP,us,TIER_1_SMALLCAP
SIG,us,TIER_1_SMALLCAP
SIGI,us,TIER_1_SMALLCAP
SITM,us,TIER_1_SMALLCAP
SKT,us,TIER_1_SMALLCAP
SKY,us,TIER_1_SMALLCAP
SKYW,us,TIER_1_SMALLCAP
SLAB,us,TIER_1_SMALLCAP
SLG,us,TIER_1_SMALLCAP
SLGN,us,TIER_1_SMALLCAP
SLM,us,TIER_1_SMALLCAP
SLVM,us,TIER_1_SMALLCAP
SM,us,TIER_1_SMALLCAP
SMG,us,TIER_1_SMALLCAP
SMP,us,TIER_1_SMALLCAP
SMPL,us,TIER_1_SMALLCAP
SMTC,us,TIER_1_SMALLCAP
SNCY,us,TIER_1_SMALLCAP
SND,us,TIER_1_SMALLCAP
SNDR,us,TIER_1_SMALLCAP
SNEX,us,TIER_1_SMALLCAP
SNX,us,TIER_1_SMALLCAP
SOLS,us,TIER_1_SMALLCAP
SON,us,TIER_1_SMALLCAP
SONO,us,TIER_1_SMALLCAP
SPHR,us,TIER_1_SMALLCAP
SPNT,us,TIER_1_SMALLCAP
SPOK,us,TIER_1_SMALLCAP
SPSC,us,TIER_1_SMALLCAP
SPXC,us,TIER_1_SMALLCAP
SR,us,TIER_1_SMALLCAP
SRCE,us,TIER_1_SMALLCAP
SRPT,us,TIER_1_SMALLCAP
SSB,us,TIER_1_SMALLCAP
SSD,us,TIER_1_SMALLCAP
SSTK,us,TIER_1_SMALLCAP
ST,us,TIER_1_SMALLCAP
STAA,us,TIER_1_SMALLCAP
STAG,us,TIER_1_SMALLCAP
STBA,us,TIER_1_SMALLCAP
STC,us,TIER_1_SMALLCAP
STEL,us,TIER_1_SMALLCAP
STEP,us,TIER_1_SMALLCAP
STRA,us,TIER_1_SMALLCAP
STRL,us,TIER_1_SMALLCAP
STWD,us,TIER_1_SMALLCAP
SUPN,us,TIER_1_SMALLCAP
SWX,us,TIER_1_SMALLCAP
SXC,us,TIER_1_SMALLCAP
SXI,us,TIER_1_SMALLCAP
SXT,us,TIER_1_SMALLCAP
SYNA,us,TIER_1_SMALLCAP
TALO,us,TIER_1_SMALLCAP
TASK,us,TIER_1_SMALLCAP
TBBK,us,TIER_1_SMALLCAP
TCBI,us,TIER_1_SMALLCAP
TCBK,us,TIER_1_SMALLCAP
TDC,us,TIER_1_SMALLCAP
TDS,us,TIER_1_SMALLCAP
TDW,us,TIER_1_SMALLCAP
TEAM,us,TIER_1_SMALLCAP
TERN,us,TIER_1_SMALLCAP
TEX,us,TIER_1_SMALLCAP
TFIN,us,TIER_1_SMALLCAP
TFX,us,TIER_1_SMALLCAP
TGTX,us,TIER_1_SMALLCAP
THC,us,TIER_1_SMALLCAP
THG,us,TIER_1_SMALLCAP
THO,us,TIER_1_SMALLCAP
THRM,us,TIER_1_SMALLCAP
TILE,us,TIER_1_SMALLCAP
TKR,us,TIER_1_SMALLCAP
TLN,us,TIER_1_SMALLCAP
TLYS,us,TIER_1_SMALLCAP
TMDX,us,TIER_1_SMALLCAP
TMHC,us,TIER_1_SMALLCAP
TMP,us,TIER_1_SMALLCAP
TNC,us,TIER_1_SMALLCAP
TNDM,us,TIER_1_SMALLCAP
TNGX,us,TIER_1_SMALLCAP
TNL,us,TIER_1_SMALLCAP
TOL,us,TIER_1_SMALLCAP
TPC,us,TIER_1_SMALLCAP
TPH,us,TIER_1_SMALLCAP
TR,us,TIER_1_SMALLCAP
TREC,us,TIER_1_SMALLCAP
TREX,us,TIER_1_SMALLCAP
TRI,us,TIER_1_SMALLCAP
TRIP,us,TIER_1_SMALLCAP
TRMK,us,TIER_1_SMALLCAP
TRN,us,TIER_1_SMALLCAP
TRNO,us,TIER_1_SMALLCAP
TRST,us,TIER_1_SMALLCAP
TRU,us,TIER_1_SMALLCAP
TRUP,us,TIER_1_SMALLCAP
TTC,us,TIER_1_SMALLCAP
TTEK,us,TIER_1_SMALLCAP
TTMI,us,TIER_1_SMALLCAP
TWI,us,TIER_1_SMALLCAP
TWIN,us,TIER_1_SMALLCAP
TWLO,us,TIER_1_SMALLCAP
TWO,us,TIER_1_SMALLCAP
TXNM,us,TIER_1_SMALLCAP
TXRH,us,TIER_1_SMALLCAP
UA,us,TIER_1_SMALLCAP
UAA,us,TIER_1_SMALLCAP
UBSI,us,TIER_1_SMALLCAP
UCB,us,TIER_1_SMALLCAP
UCTT,us,TIER_1_SMALLCAP
UE,us,TIER_1_SMALLCAP
UFCS,us,TIER_1_SMALLCAP
UFPI,us,TIER_1_SMALLCAP
UFPT,us,TIER_1_SMALLCAP
UGI,us,TIER_1_SMALLCAP
UHT,us,TIER_1_SMALLCAP
ULS,us,TIER_1_SMALLCAP
UMBF,us,TIER_1_SMALLCAP
UNF,us,TIER_1_SMALLCAP
UNFI,us,TIER_1_SMALLCAP
UNIT,us,TIER_1_SMALLCAP
UNM,us,TIER_1_SMALLCAP
UPBD,us,TIER_1_SMALLCAP
UPWK,us,TIER_1_SMALLCAP
URBN,us,TIER_1_SMALLCAP
USFD,us,TIER_1_SMALLCAP
USPH,us,TIER_1_SMALLCAP
UTHR,us,TIER_1_SMALLCAP
UTL,us,TIER_1_SMALLCAP
UUUU,us,TIER_1_SMALLCAP
UVV,us,TIER_1_SMALLCAP
VAC,us,TIER_1_SMALLCAP
VAL,us,TIER_1_SMALLCAP
VC,us,TIER_1_SMALLCAP
VCEL,us,TIER_1_SMALLCAP
VCNX,us,TIER_1_SMALLCAP
VCTR,us,TIER_1_SMALLCAP
VCYT,us,TIER_1_SMALLCAP
VECO,us,TIER_1_SMALLCAP
VFC,us,TIER_1_SMALLCAP
VIAV,us,TIER_1_SMALLCAP
VICR,us,TIER_1_SMALLCAP
VIR,us,TIER_1_SMALLCAP
VIRT,us,TIER_1_SMALLCAP
VISN,us,TIER_1_SMALLCAP
VITL,us,TIER_1_SMALLCAP
VLY,us,TIER_1_SMALLCAP
VMI,us,TIER_1_SMALLCAP
VNO,us,TIER_1_SMALLCAP
VNOM,us,TIER_1_SMALLCAP
VNT,us,TIER_1_SMALLCAP
VNTR,us,TIER_1_SMALLCAP
VOYA,us,TIER_1_SMALLCAP
VRDN,us,TIER_1_SMALLCAP
VRE,us,TIER_1_SMALLCAP
VRRM,us,TIER_1_SMALLCAP
VRTS,us,TIER_1_SMALLCAP
VSAT,us,TIER_1_SMALLCAP
VSCO,us,TIER_1_SMALLCAP
VSEC,us,TIER_1_SMALLCAP
VSH,us,TIER_1_SMALLCAP
VSNT,us,TIER_1_SMALLCAP
VSTS,us,TIER_1_SMALLCAP
VTNR,us,TIER_1_SMALLCAP
VTOL,us,TIER_1_SMALLCAP
VVV,us,TIER_1_SMALLCAP
VYX,us,TIER_1_SMALLCAP
WABC,us,TIER_1_SMALLCAP
WAFD,us,TIER_1_SMALLCAP
WAL,us,TIER_1_SMALLCAP
WAY,us,TIER_1_SMALLCAP
WBS,us,TIER_1_SMALLCAP
WCC,us,TIER_1_SMALLCAP
WD,us,TIER_1_SMALLCAP
WDFC,us,TIER_1_SMALLCAP
WEN,us,TIER_1_SMALLCAP
WERN,us,TIER_1_SMALLCAP
WEX,us,TIER_1_SMALLCAP
WFRD,us,TIER_1_SMALLCAP
WGO,us,TIER_1_SMALLCAP
WH,us,TIER_1_SMALLCAP
WHD,us,TIER_1_SMALLCAP
WHR,us,TIER_1_SMALLCAP
WINA,us,TIER_1_SMALLCAP
WING,us,TIER_1_SMALLCAP
WIRE,us,TIER_1_SMALLCAP
WKC,us,TIER_1_SMALLCAP
WKHS,us,TIER_1_SMALLCAP
WLK,us,TIER_1_SMALLCAP
WLY,us,TIER_1_SMALLCAP
WMG,us,TIER_1_SMALLCAP
WMPN,us,TIER_1_SMALLCAP
WMS,us,TIER_1_SMALLCAP
WOR,us,TIER_1_SMALLCAP
WPC,us,TIER_1_SMALLCAP
WRLD,us,TIER_1_SMALLCAP
WS,us,TIER_1_SMALLCAP
WSC,us,TIER_1_SMALLCAP
WSFS,us,TIER_1_SMALLCAP
WSO,us,TIER_1_SMALLCAP
WSR,us,TIER_1_SMALLCAP
WT,us,TIER_1_SMALLCAP
WTFC,us,TIER_1_SMALLCAP
WTRG,us,TIER_1_SMALLCAP
WTS,us,TIER_1_SMALLCAP
WU,us,TIER_1_SMALLCAP
WULF,us,TIER_1_SMALLCAP
WWD,us,TIER_1_SMALLCAP
WWW,us,TIER_1_SMALLCAP
XHR,us,TIER_1_SMALLCAP
XNCR,us,TIER_1_SMALLCAP
XPEL,us,TIER_1_SMALLCAP
XPEV,us,TIER_1_SMALLCAP
XPO,us,TIER_1_SMALLCAP
XRAY,us,TIER_1_SMALLCAP
XTSLA,us,TIER_1_SMALLCAP
YELP,us,TIER_1_SMALLCAP
YETI,us,TIER_1_SMALLCAP
YMAB,us,TIER_1_SMALLCAP
YOU,us,TIER_1_SMALLCAP
ZD,us,TIER_1_SMALLCAP
ZEUS,us,TIER_1_SMALLCAP
ZION,us,TIER_1_SMALLCAP
ZS,us,TIER_1_SMALLCAP
ZWS,us,TIER_1_SMALLCAP
A,us,TIER_2_MIDCAP
AAPL,us,TIER_2_MIDCAP
ABBV,us,TIER_2_MIDCAP
ABNB,us,TIER_2_MIDCAP
ABT,us,TIER_2_MIDCAP
ACGL,us,TIER_2_MIDCAP
ACN,us,TIER_2_MIDCAP
ADBE,us,TIER_2_MIDCAP
ADI,us,TIER_2_MIDCAP
ADM,us,TIER_2_MIDCAP
ADP,us,TIER_2_MIDCAP
ADSK,us,TIER_2_MIDCAP
AEE,us,TIER_2_MIDCAP
AEP,us,TIER_2_MIDCAP
AES,us,TIER_2_MIDCAP
AFL,us,TIER_2_MIDCAP
AIG,us,TIER_2_MIDCAP
AIZ,us,TIER_2_MIDCAP
AJG,us,TIER_2_MIDCAP
AKAM,us,TIER_2_MIDCAP
ALB,us,TIER_2_MIDCAP
ALGN,us,TIER_2_MIDCAP
ALL,us,TIER_2_MIDCAP
ALLE,us,TIER_2_MIDCAP
AMAT,us,TIER_2_MIDCAP
AMCR,us,TIER_2_MIDCAP
AMD,us,TIER_2_MIDCAP
AME,us,TIER_2_MIDCAP
AMGN,us,TIER_2_MIDCAP
AMP,us,TIER_2_MIDCAP
AMT,us,TIER_2_MIDCAP
AMZN,us,TIER_2_MIDCAP
ANET,us,TIER_2_MIDCAP
AON,us,TIER_2_MIDCAP
AOS,us,TIER_2_MIDCAP
APA,us,TIER_2_MIDCAP
APD,us,TIER_2_MIDCAP
APH,us,TIER_2_MIDCAP
APO,us,TIER_2_MIDCAP
APP,us,TIER_2_MIDCAP
APTV,us,TIER_2_MIDCAP
ARE,us,TIER_2_MIDCAP
ARES,us,TIER_2_MIDCAP
ATO,us,TIER_2_MIDCAP
AVB,us,TIER_2_MIDCAP
AVGO,us,TIER_2_MIDCAP
AVY,us,TIER_2_MIDCAP
AWK,us,TIER_2_MIDCAP
AXON,us,TIER_2_MIDCAP
AXP,us,TIER_2_MIDCAP
AZO,us,TIER_2_MIDCAP
BA,us,TIER_2_MIDCAP
BAC,us,TIER_2_MIDCAP
BALL,us,TIER_2_MIDCAP
BAX,us,TIER_2_MIDCAP
BBY,us,TIER_2_MIDCAP
BDX,us,TIER_2_MIDCAP
BEN,us,TIER_2_MIDCAP
BF-B,us,TIER_2_MIDCAP
BG,us,TIER_2_MIDCAP
BIIB,us,TIER_2_MIDCAP
BK,us,TIER_2_MIDCAP
BKNG,us,TIER_2_MIDCAP
BKR,us,TIER_2_MIDCAP
BLDR,us,TIER_2_MIDCAP
BLK,us,TIER_2_MIDCAP
BMY,us,TIER_2_MIDCAP
BR,us,TIER_2_MIDCAP
BRK-B,us,TIER_2_MIDCAP
BRO,us,TIER_2_MIDCAP
BSX,us,TIER_2_MIDCAP
BX,us,TIER_2_MIDCAP
BXP,us,TIER_2_MIDCAP
C,us,TIER_2_MIDCAP
CAG,us,TIER_2_MIDCAP
CAH,us,TIER_2_MIDCAP
CARR,us,TIER_2_MIDCAP
CAT,us,TIER_2_MIDCAP
CB,us,TIER_2_MIDCAP
CBOE,us,TIER_2_MIDCAP
CBRE,us,TIER_2_MIDCAP
CCI,us,TIER_2_MIDCAP
CCL,us,TIER_2_MIDCAP
CDNS,us,TIER_2_MIDCAP
CDW,us,TIER_2_MIDCAP
CEG,us,TIER_2_MIDCAP
CF,us,TIER_2_MIDCAP
CFG,us,TIER_2_MIDCAP
CHD,us,TIER_2_MIDCAP
CHRW,us,TIER_2_MIDCAP
CHTR,us,TIER_2_MIDCAP
CI,us,TIER_2_MIDCAP
CIEN,us,TIER_2_MIDCAP
CINF,us,TIER_2_MIDCAP
CL,us,TIER_2_MIDCAP
CLX,us,TIER_2_MIDCAP
CMCSA,us,TIER_2_MIDCAP
CME,us,TIER_2_MIDCAP
CMG,us,TIER_2_MIDCAP
CMI,us,TIER_2_MIDCAP
CMS,us,TIER_2_MIDCAP
CNC,us,TIER_2_MIDCAP
CNP,us,TIER_2_MIDCAP
COF,us,TIER_2_MIDCAP
COHR,us,TIER_2_MIDCAP
COIN,us,TIER_2_MIDCAP
COO,us,TIER_2_MIDCAP
COP,us,TIER_2_MIDCAP
COR,us,TIER_2_MIDCAP
COST,us,TIER_2_MIDCAP
CPAY,us,TIER_2_MIDCAP
CPB,us,TIER_2_MIDCAP
CPRT,us,TIER_2_MIDCAP
CPT,us,TIER_2_MIDCAP
CRH,us,TIER_2_MIDCAP
CRL,us,TIER_2_MIDCAP
CRM,us,TIER_2_MIDCAP
CRWD,us,TIER_2_MIDCAP
CSCO,us,TIER_2_MIDCAP
CSGP,us,TIER_2_MIDCAP
CSX,us,TIER_2_MIDCAP
CTAS,us,TIER_2_MIDCAP
CTRA,us,TIER_2_MIDCAP
CTSH,us,TIER_2_MIDCAP
CTVA,us,TIER_2_MIDCAP
CVNA,us,TIER_2_MIDCAP
CVS,us,TIER_2_MIDCAP
CVX,us,TIER_2_MIDCAP
D,us,TIER_2_MIDCAP
DAL,us,TIER_2_MIDCAP
DASH,us,TIER_2_MIDCAP
DD,us,TIER_2_MIDCAP
DDOG,us,TIER_2_MIDCAP
DE,us,TIER_2_MIDCAP
DECK,us,TIER_2_MIDCAP
DELL,us,TIER_2_MIDCAP
DG,us,TIER_2_MIDCAP
DGX,us,TIER_2_MIDCAP
DHI,us,TIER_2_MIDCAP
DHR,us,TIER_2_MIDCAP
DIS,us,TIER_2_MIDCAP
DLR,us,TIER_2_MIDCAP
DLTR,us,TIER_2_MIDCAP
DOC,us,TIER_2_MIDCAP
DOV,us,TIER_2_MIDCAP
DOW,us,TIER_2_MIDCAP
DPZ,us,TIER_2_MIDCAP
DRI,us,TIER_2_MIDCAP
DTE,us,TIER_2_MIDCAP
DUK,us,TIER_2_MIDCAP
DVA,us,TIER_2_MIDCAP
DVN,us,TIER_2_MIDCAP
DXCM,us,TIER_2_MIDCAP
EA,us,TIER_2_MIDCAP
EBAY,us,TIER_2_MIDCAP
ECL,us,TIER_2_MIDCAP
ED,us,TIER_2_MIDCAP
EFX,us,TIER_2_MIDCAP
EG,us,TIER_2_MIDCAP
EIX,us,TIER_2_MIDCAP
EL,us,TIER_2_MIDCAP
ELV,us,TIER_2_MIDCAP
EME,us,TIER_2_MIDCAP
EMR,us,TIER_2_MIDCAP
EOG,us,TIER_2_MIDCAP
EPAM,us,TIER_2_MIDCAP
EQIX,us,TIER_2_MIDCAP
EQR,us,TIER_2_MIDCAP
EQT,us,TIER_2_MIDCAP
ERIE,us,TIER_2_MIDCAP
ES,us,TIER_2_MIDCAP
ESS,us,TIER_2_MIDCAP
ETN,us,TIER_2_MIDCAP
ETR,us,TIER_2_MIDCAP
EVRG,us,TIER_2_MIDCAP
EW,us,TIER_2_MIDCAP
EXC,us,TIER_2_MIDCAP
EXE,us,TIER_2_MIDCAP
EXPD,us,TIER_2_MIDCAP
EXPE,us,TIER_2_MIDCAP
EXR,us,TIER_2_MIDCAP
F,us,TIER_2_MIDCAP
FANG,us,TIER_2_MIDCAP
FAST,us,TIER_2_MIDCAP
FCX,us,TIER_2_MIDCAP
FDS,us,TIER_2_MIDCAP
FDX,us,TIER_2_MIDCAP
FE,us,TIER_2_MIDCAP
FFIV,us,TIER_2_MIDCAP
FICO,us,TIER_2_MIDCAP
FIS,us,TIER_2_MIDCAP
FISV,us,TIER_2_MIDCAP
FITB,us,TIER_2_MIDCAP
FIX,us,TIER_2_MIDCAP
FOX,us,TIER_2_MIDCAP
FOXA,us,TIER_2_MIDCAP
FRT,us,TIER_2_MIDCAP
FSLR,us,TIER_2_MIDCAP
FTNT,us,TIER_2_MIDCAP
FTV,us,TIER_2_MIDCAP
GD,us,TIER_2_MIDCAP
GDDY,us,TIER_2_MIDCAP
GE,us,TIER_2_MIDCAP
GEHC,us,TIER_2_MIDCAP
GEN,us,TIER_2_MIDCAP
GEV,us,TIER_2_MIDCAP
GILD,us,TIER_2_MIDCAP
GIS,us,TIER_2_MIDCAP
GL,us,TIER_2_MIDCAP
GLW,us,TIER_2_MIDCAP
GM,us,TIER_2_MIDCAP
GNRC,us,TIER_2_MIDCAP
GOOG,us,TIER_2_MIDCAP
GOOGL,us,TIER_2_MIDCAP
GPC,us,TIER_2_MIDCAP
GPN,us,TIER_2_MIDCAP
GRMN,us,TIER_2_MIDCAP
GS,us,TIER_2_MIDCAP
GWW,us,TIER_2_MIDCAP
HAL,us,TIER_2_MIDCAP
HAS,us,TIER_2_MIDCAP
HBAN,us,TIER_2_MIDCAP
HCA,us,TIER_2_MIDCAP
HD,us,TIER_2_MIDCAP
HIG,us,TIER_2_MIDCAP
HII,us,TIER_2_MIDCAP
HLT,us,TIER_2_MIDCAP
HOLX,us,TIER_2_MIDCAP
HON,us,TIER_2_MIDCAP
HOOD,us,TIER_2_MIDCAP
HPE,us,TIER_2_MIDCAP
HPQ,us,TIER_2_MIDCAP
HRL,us,TIER_2_MIDCAP
HSIC,us,TIER_2_MIDCAP
HST,us,TIER_2_MIDCAP
HSY,us,TIER_2_MIDCAP
HUBB,us,TIER_2_MIDCAP
HUM,us,TIER_2_MIDCAP
HWM,us,TIER_2_MIDCAP
IBKR,us,TIER_2_MIDCAP
IBM,us,TIER_2_MIDCAP
ICE,us,TIER_2_MIDCAP
IDXX,us,TIER_2_MIDCAP
IEX,us,TIER_2_MIDCAP
IFF,us,TIER_2_MIDCAP
INCY,us,TIER_2_MIDCAP
INTC,us,TIER_2_MIDCAP
INTU,us,TIER_2_MIDCAP
INVH,us,TIER_2_MIDCAP
IP,us,TIER_2_MIDCAP
IQV,us,TIER_2_MIDCAP
IR,us,TIER_2_MIDCAP
IRM,us,TIER_2_MIDCAP
ISRG,us,TIER_2_MIDCAP
IT,us,TIER_2_MIDCAP
ITW,us,TIER_2_MIDCAP
IVZ,us,TIER_2_MIDCAP
J,us,TIER_2_MIDCAP
JBHT,us,TIER_2_MIDCAP
JBL,us,TIER_2_MIDCAP
JCI,us,TIER_2_MIDCAP
JKHY,us,TIER_2_MIDCAP
JNJ,us,TIER_2_MIDCAP
JPM,us,TIER_2_MIDCAP
KDP,us,TIER_2_MIDCAP
KEY,us,TIER_2_MIDCAP
KEYS,us,TIER_2_MIDCAP
KHC,us,TIER_2_MIDCAP
KIM,us,TIER_2_MIDCAP
KKR,us,TIER_2_MIDCAP
KLAC,us,TIER_2_MIDCAP
KMB,us,TIER_2_MIDCAP
KMI,us,TIER_2_MIDCAP
KO,us,TIER_2_MIDCAP
KR,us,TIER_2_MIDCAP
KVUE,us,TIER_2_MIDCAP
L,us,TIER_2_MIDCAP
LDOS,us,TIER_2_MIDCAP
LEN,us,TIER_2_MIDCAP
LH,us,TIER_2_MIDCAP
LHX,us,TIER_2_MIDCAP
LII,us,TIER_2_MIDCAP
LIN,us,TIER_2_MIDCAP
LITE,us,TIER_2_MIDCAP
LLY,us,TIER_2_MIDCAP
LMT,us,TIER_2_MIDCAP
LNT,us,TIER_2_MIDCAP
LOW,us,TIER_2_MIDCAP
LRCX,us,TIER_2_MIDCAP
LULU,us,TIER_2_MIDCAP
LUV,us,TIER_2_MIDCAP
LVS,us,TIER_2_MIDCAP
LYB,us,TIER_2_MIDCAP
LYV,us,TIER_2_MIDCAP
MA,us,TIER_2_MIDCAP
MAA,us,TIER_2_MIDCAP
MAR,us,TIER_2_MIDCAP
MAS,us,TIER_2_MIDCAP
MCD,us,TIER_2_MIDCAP
MCHP,us,TIER_2_MIDCAP
MCK,us,TIER_2_MIDCAP
MCO,us,TIER_2_MIDCAP
MDLZ,us,TIER_2_MIDCAP
MDT,us,TIER_2_MIDCAP
MET,us,TIER_2_MIDCAP
META,us,TIER_2_MIDCAP
MGM,us,TIER_2_MIDCAP
MKC,us,TIER_2_MIDCAP
MLM,us,TIER_2_MIDCAP
MMM,us,TIER_2_MIDCAP
MNST,us,TIER_2_MIDCAP
MO,us,TIER_2_MIDCAP
MOS,us,TIER_2_MIDCAP
MPC,us,TIER_2_MIDCAP
MPWR,us,TIER_2_MIDCAP
MRK,us,TIER_2_MIDCAP
MRNA,us,TIER_2_MIDCAP
MRSH,us,TIER_2_MIDCAP
MS,us,TIER_2_MIDCAP
MSCI,us,TIER_2_MIDCAP
MSFT,us,TIER_2_MIDCAP
MSI,us,TIER_2_MIDCAP
MTB,us,TIER_2_MIDCAP
MTD,us,TIER_2_MIDCAP
MU,us,TIER_2_MIDCAP
NCLH,us,TIER_2_MIDCAP
NDAQ,us,TIER_2_MIDCAP
NDSN,us,TIER_2_MIDCAP
NEE,us,TIER_2_MIDCAP
NEM,us,TIER_2_MIDCAP
NFLX,us,TIER_2_MIDCAP
NI,us,TIER_2_MIDCAP
NKE,us,TIER_2_MIDCAP
NOC,us,TIER_2_MIDCAP
NOW,us,TIER_2_MIDCAP
NRG,us,TIER_2_MIDCAP
NSC,us,TIER_2_MIDCAP
NTAP,us,TIER_2_MIDCAP
NTRS,us,TIER_2_MIDCAP
NUE,us,TIER_2_MIDCAP
NVDA,us,TIER_2_MIDCAP
NVR,us,TIER_2_MIDCAP
NWS,us,TIER_2_MIDCAP
NWSA,us,TIER_2_MIDCAP
NXPI,us,TIER_2_MIDCAP
O,us,TIER_2_MIDCAP
ODFL,us,TIER_2_MIDCAP
OKE,us,TIER_2_MIDCAP
OMC,us,TIER_2_MIDCAP
ON,us,TIER_2_MIDCAP
ORCL,us,TIER_2_MIDCAP
ORLY,us,TIER_2_MIDCAP
OTIS,us,TIER_2_MIDCAP
OXY,us,TIER_2_MIDCAP
PANW,us,TIER_2_MIDCAP
PAYX,us,TIER_2_MIDCAP
PCAR,us,TIER_2_MIDCAP
PCG,us,TIER_2_MIDCAP
PEG,us,TIER_2_MIDCAP
PEP,us,TIER_2_MIDCAP
PFE,us,TIER_2_MIDCAP
PFG,us,TIER_2_MIDCAP
PG,us,TIER_2_MIDCAP
PGR,us,TIER_2_MIDCAP
PH,us,TIER_2_MIDCAP
PHM,us,TIER_2_MIDCAP
PKG,us,TIER_2_MIDCAP
PLD,us,TIER_2_MIDCAP
PLTR,us,TIER_2_MIDCAP
PM,us,TIER_2_MIDCAP
PNC,us,TIER_2_MIDCAP
PNR,us,TIER_2_MIDCAP
PNW,us,TIER_2_MIDCAP
PODD,us,TIER_2_MIDCAP
POOL,us,TIER_2_MIDCAP
PPG,us,TIER_2_MIDCAP
PPL,us,TIER_2_MIDCAP
PRU,us,TIER_2_MIDCAP
PSA,us,TIER_2_MIDCAP
PSKY,us,TIER_2_MIDCAP
PSX,us,TIER_2_MIDCAP
PTC,us,TIER_2_MIDCAP
PWR,us,TIER_2_MIDCAP
PYPL,us,TIER_2_MIDCAP
Q,us,TIER_2_MIDCAP
QCOM,us,TIER_2_MIDCAP
RCL,us,TIER_2_MIDCAP
REG,us,TIER_2_MIDCAP
REGN,us,TIER_2_MIDCAP
RF,us,TIER_2_MIDCAP
RJF,us,TIER_2_MIDCAP
RL,us,TIER_2_MIDCAP
RMD,us,TIER_2_MIDCAP
ROK,us,TIER_2_MIDCAP
ROL,us,TIER_2_MIDCAP
ROP,us,TIER_2_MIDCAP
ROST,us,TIER_2_MIDCAP
RSG,us,TIER_2_MIDCAP
RTX,us,TIER_2_MIDCAP
RVTY,us,TIER_2_MIDCAP
SATS,us,TIER_2_MIDCAP
SBAC,us,TIER_2_MIDCAP
SBUX,us,TIER_2_MIDCAP
SCHW,us,TIER_2_MIDCAP
SHW,us,TIER_2_MIDCAP
SJM,us,TIER_2_MIDCAP
SLB,us,TIER_2_MIDCAP
SMCI,us,TIER_2_MIDCAP
SNA,us,TIER_2_MIDCAP
SNDK,us,TIER_2_MIDCAP
SNPS,us,TIER_2_MIDCAP
SO,us,TIER_2_MIDCAP
SOLV,us,TIER_2_MIDCAP
SPG,us,TIER_2_MIDCAP
SPGI,us,TIER_2_MIDCAP
SRE,us,TIER_2_MIDCAP
STE,us,TIER_2_MIDCAP
STLD,us,TIER_2_MIDCAP
STT,us,TIER_2_MIDCAP
STX,us,TIER_2_MIDCAP
STZ,us,TIER_2_MIDCAP
SW,us,TIER_2_MIDCAP
SWK,us,TIER_2_MIDCAP
SWKS,us,TIER_2_MIDCAP
SYF,us,TIER_2_MIDCAP
SYK,us,TIER_2_MIDCAP
SYY,us,TIER_2_MIDCAP
T,us,TIER_2_MIDCAP
TAP,us,TIER_2_MIDCAP
TDG,us,TIER_2_MIDCAP
TDY,us,TIER_2_MIDCAP
TECH,us,TIER_2_MIDCAP
TEL,us,TIER_2_MIDCAP
TER,us,TIER_2_MIDCAP
TFC,us,TIER_2_MIDCAP
TGT,us,TIER_2_MIDCAP
TJX,us,TIER_2_MIDCAP
TKO,us,TIER_2_MIDCAP
TMO,us,TIER_2_MIDCAP
TMUS,us,TIER_2_MIDCAP
TPL,us,TIER_2_MIDCAP
TPR,us,TIER_2_MIDCAP
TRGP,us,TIER_2_MIDCAP
TRMB,us,TIER_2_MIDCAP
TROW,us,TIER_2_MIDCAP
TRV,us,TIER_2_MIDCAP
TSCO,us,TIER_2_MIDCAP
TSLA,us,TIER_2_MIDCAP
TSN,us,TIER_2_MIDCAP
TT,us,TIER_2_MIDCAP
TTD,us,TIER_2_MIDCAP
TTWO,us,TIER_2_MIDCAP
TXN,us,TIER_2_MIDCAP
TXT,us,TIER_2_MIDCAP
TYL,us,TIER_2_MIDCAP
UAL,us,TIER_2_MIDCAP
UBER,us,TIER_2_MIDCAP
UDR,us,TIER_2_MIDCAP
UHS,us,TIER_2_MIDCAP
ULTA,us,TIER_2_MIDCAP
UNH,us,TIER_2_MIDCAP
UNP,us,TIER_2_MIDCAP
UPS,us,TIER_2_MIDCAP
URI,us,TIER_2_MIDCAP
USB,us,TIER_2_MIDCAP
V,us,TIER_2_MIDCAP
VICI,us,TIER_2_MIDCAP
VLO,us,TIER_2_MIDCAP
VLTO,us,TIER_2_MIDCAP
VMC,us,TIER_2_MIDCAP
VRSK,us,TIER_2_MIDCAP
VRSN,us,TIER_2_MIDCAP
VRT,us,TIER_2_MIDCAP
VRTX,us,TIER_2_MIDCAP
VST,us,TIER_2_MIDCAP
VTR,us,TIER_2_MIDCAP
VTRS,us,TIER_2_MIDCAP
VZ,us,TIER_2_MIDCAP
WAB,us,TIER_2_MIDCAP
WAT,us,TIER_2_MIDCAP
WBD,us,TIER_2_MIDCAP
WDAY,us,TIER_2_MIDCAP
WDC,us,TIER_2_MIDCAP
WEC,us,TIER_2_MIDCAP
WELL,us,TIER_2_MIDCAP
WFC,us,TIER_2_MIDCAP
WM,us,TIER_2_MIDCAP
WMB,us,TIER_2_MIDCAP
WMT,us,TIER_2_MIDCAP
WRB,us,TIER_2_MIDCAP
WSM,us,TIER_2_MIDCAP
WST,us,TIER_2_MIDCAP
WTW,us,TIER_2_MIDCAP
WY,us,TIER_2_MIDCAP
WYNN,us,TIER_2_MIDCAP
XEL,us,TIER_2_MIDCAP
XOM,us,TIER_2_MIDCAP
XYL,us,TIER_2_MIDCAP
XYZ,us,TIER_2_MIDCAP
YUM,us,TIER_2_MIDCAP
ZBH,us,TIER_2_MIDCAP
ZBRA,us,TIER_2_MIDCAP
ZTS,us,TIER_2_MIDCAP
AAF.L,uk,TIER_1_SMALLCAP
AAL.L,uk,TIER_1_SMALLCAP
AAS.L,uk,TIER_1_SMALLCAP
ABDN.L,uk,TIER_1_SMALLCAP
ABF.L,uk,TIER_1_SMALLCAP
ADM.L,uk,TIER_1_SMALLCAP
AEP.L,uk,TIER_1_SMALLCAP
AGT.L,uk,TIER_1_SMALLCAP
AIE.L,uk,TIER_1_SMALLCAP
AJB.L,uk,TIER_1_SMALLCAP
ALFA.L,uk,TIER_1_SMALLCAP
ALW.L,uk,TIER_1_SMALLCAP
AML.L,uk,TIER_1_SMALLCAP
ANTO.L,uk,TIER_1_SMALLCAP
AO.L,uk,TIER_1_SMALLCAP
APN.L,uk,TIER_1_SMALLCAP
ASHM.L,uk,TIER_1_SMALLCAP
ASL.L,uk,TIER_1_SMALLCAP
ATR.L,uk,TIER_1_SMALLCAP
ATT.L,uk,TIER_1_SMALLCAP
ATYM.L,uk,TIER_1_SMALLCAP
AUTO.L,uk,TIER_1_SMALLCAP
AV.L,uk,TIER_1_SMALLCAP
AVON.L,uk,TIER_1_SMALLCAP
AZN.L,uk,TIER_1_SMALLCAP
BA.L,uk,TIER_1_SMALLCAP
BAB.L,uk,TIER_1_SMALLCAP
BAG.L,uk,TIER_1_SMALLCAP
BARC.L,uk,TIER_1_SMALLCAP
BATS.L,uk,TIER_1_SMALLCAP
BBOX.L,uk,TIER_1_SMALLCAP
BBY.L,uk,TIER_1_SMALLCAP
BCG.L,uk,TIER_1_SMALLCAP
BEZ.L,uk,TIER_1_SMALLCAP
BGEO.L,uk,TIER_1_SMALLCAP
BGFD.L,uk,TIER_1_SMALLCAP
BHMG.L,uk,TIER_1_SMALLCAP
BKG.L,uk,TIER_1_SMALLCAP
BLND.L,uk,TIER_1_SMALLCAP
BME.L,uk,TIER_1_SMALLCAP
BNKR.L,uk,TIER_1_SMALLCAP
BNZL.L,uk,TIER_1_SMALLCAP
BOWL.L,uk,TIER_1_SMALLCAP
BOY.L,uk,TIER_1_SMALLCAP
BP.L,uk,TIER_1_SMALLCAP
BPCR.L,uk,TIER_1_SMALLCAP
BPT.L,uk,TIER_1_SMALLCAP
BRBY.L,uk,TIER_1_SMALLCAP
BREE.L,uk,TIER_1_SMALLCAP
BRGE.L,uk,TIER_1_SMALLCAP
BRSC.L,uk,TIER_1_SMALLCAP
BRWM.L,uk,TIER_1_SMALLCAP
BSIF.L,uk,TIER_1_SMALLCAP
BTRW.L,uk,TIER_1_SMALLCAP
BUT.L,uk,TIER_1_SMALLCAP
BWY.L,uk,TIER_1_SMALLCAP
BYG.L,uk,TIER_1_SMALLCAP
BYIT.L,uk,TIER_1_SMALLCAP
CBG.L,uk,TIER_1_SMALLCAP
CCC.L,uk,TIER_1_SMALLCAP
CCEP.L,uk,TIER_1_SMALLCAP
CCH.L,uk,TIER_1_SMALLCAP
CCL.L,uk,TIER_1_SMALLCAP
CCR.L,uk,TIER_1_SMALLCAP
CGT.L,uk,TIER_1_SMALLCAP
CHG.L,uk,TIER_1_SMALLCAP
CHRY.L,uk,TIER_1_SMALLCAP
CKN.L,uk,TIER_1_SMALLCAP
CLDN.L,uk,TIER_1_SMALLCAP
CMCX.L,uk,TIER_1_SMALLCAP
CNA.L,uk,TIER_1_SMALLCAP
COA.L,uk,TIER_1_SMALLCAP
COST.L,uk,TIER_1_SMALLCAP
CPG.L,uk,TIER_1_SMALLCAP
CRDA.L,uk,TIER_1_SMALLCAP
CSN.L,uk,TIER_1_SMALLCAP
CTEC.L,uk,TIER_1_SMALLCAP
CTY.L,uk,TIER_1_SMALLCAP
CURY.L,uk,TIER_1_SMALLCAP
CVSG.L,uk,TIER_1_SMALLCAP
CWK.L,uk,TIER_1_SMALLCAP
CWR.L,uk,TIER_1_SMALLCAP
DCC.L,uk,TIER_1_SMALLCAP
DGE.L,uk,TIER_1_SMALLCAP
DLN.L,uk,TIER_1_SMALLCAP
DNLM.L,uk,TIER_1_SMALLCAP
DOCS.L,uk,TIER_1_SMALLCAP
DOM.L,uk,TIER_1_SMALLCAP
DPLM.L,uk,TIER_1_SMALLCAP
DRX.L,uk,TIER_1_SMALLCAP
DSCV.L,uk,TIER_1_SMALLCAP
EDIN.L,uk,TIER_1_SMALLCAP
EDV.L,uk,TIER_1_SMALLCAP
ELM.L,uk,TIER_1_SMALLCAP
EMG.L,uk,TIER_1_SMALLCAP
ENOG.L,uk,TIER_1_SMALLCAP
ENT.L,uk,TIER_1_SMALLCAP
ESCT.L,uk,TIER_1_SMALLCAP
EWG.L,uk,TIER_1_SMALLCAP
EWI.L,uk,TIER_1_SMALLCAP
EXPN.L,uk,TIER_1_SMALLCAP
EZJ.L,uk,TIER_1_SMALLCAP
FAN.L,uk,TIER_1_SMALLCAP
FCH.L,uk,TIER_1_SMALLCAP
FCIT.L,uk,TIER_1_SMALLCAP
FCSS.L,uk,TIER_1_SMALLCAP
FEML.L,uk,TIER_1_SMALLCAP
FEV.L,uk,TIER_1_SMALLCAP
FGEN.L,uk,TIER_1_SMALLCAP
FGP.L,uk,TIER_1_SMALLCAP
FGT.L,uk,TIER_1_SMALLCAP
FOUR.L,uk,TIER_1_SMALLCAP
FRAS.L,uk,TIER_1_SMALLCAP
FRES.L,uk,TIER_1_SMALLCAP
FSG.L,uk,TIER_1_SMALLCAP
FSV.L,uk,TIER_1_SMALLCAP
GAMA.L,uk,TIER_1_SMALLCAP
GAW.L,uk,TIER_1_SMALLCAP
GBG.L,uk,TIER_1_SMALLCAP
GCP.L,uk,TIER_1_SMALLCAP
GDWN.L,uk,TIER_1_SMALLCAP
GEN.L,uk,TIER_1_SMALLCAP
GFRD.L,uk,TIER_1_SMALLCAP
GFTU.L,uk,TIER_1_SMALLCAP
GLEN.L,uk,TIER_1_SMALLCAP
GNC.L,uk,TIER_1_SMALLCAP
GNS.L,uk,TIER_1_SMALLCAP
GPE.L,uk,TIER_1_SMALLCAP
GRG.L,uk,TIER_1_SMALLCAP
GRI.L,uk,TIER_1_SMALLCAP
GROW.L,uk,TIER_1_SMALLCAP
GSCT.L,uk,TIER_1_SMALLCAP
GSK.L,uk,TIER_1_SMALLCAP
HAS.L,uk,TIER_1_SMALLCAP
HBR.L,uk,TIER_1_SMALLCAP
HFEL.L,uk,TIER_1_SMALLCAP
HFG.L,uk,TIER_1_SMALLCAP
HGT.L,uk,TIER_1_SMALLCAP
HICL.L,uk,TIER_1_SMALLCAP
HIK.L,uk,TIER_1_SMALLCAP
HILS.L,uk,TIER_1_SMALLCAP
HLMA.L,uk,TIER_1_SMALLCAP
HLN.L,uk,TIER_1_SMALLCAP
HMSO.L,uk,TIER_1_SMALLCAP
HOC.L,uk,TIER_1_SMALLCAP
HRI.L,uk,TIER_1_SMALLCAP
HSBA.L,uk,TIER_1_SMALLCAP
HSL.L,uk,TIER_1_SMALLCAP
HSX.L,uk,TIER_1_SMALLCAP
HTG.L,uk,TIER_1_SMALLCAP
HTWS.L,uk,TIER_1_SMALLCAP
HVPE.L,uk,TIER_1_SMALLCAP
HWDN.L,uk,TIER_1_SMALLCAP
HWG.L,uk,TIER_1_SMALLCAP
IAD.L,uk,TIER_1_SMALLCAP
IAG.L,uk,TIER_1_SMALLCAP
IBST.L,uk,TIER_1_SMALLCAP
ICG.L,uk,TIER_1_SMALLCAP
ICGT.L,uk,TIER_1_SMALLCAP
IEM.L,uk,TIER_1_SMALLCAP
IGG.L,uk,TIER_1_SMALLCAP
IHG.L,uk,TIER_1_SMALLCAP
IHP.L,uk,TIER_1_SMALLCAP
III.L,uk,TIER_1_SMALLCAP
IMB.L,uk,TIER_1_SMALLCAP
IMI.L,uk,TIER_1_SMALLCAP
INCH.L,uk,TIER_1_SMALLCAP
INF.L,uk,TIER_1_SMALLCAP
INPP.L,uk,TIER_1_SMALLCAP
INVP.L,uk,TIER_1_SMALLCAP
IPF.L,uk,TIER_1_SMALLCAP
IPO.L,uk,TIER_1_SMALLCAP
ITH.L,uk,TIER_1_SMALLCAP
ITRK.L,uk,TIER_1_SMALLCAP
ITV.L,uk,TIER_1_SMALLCAP
IWG.L,uk,TIER_1_SMALLCAP
JAM.L,uk,TIER_1_SMALLCAP
JD.L,uk,TIER_1_SMALLCAP
JDW.L,uk,TIER_1_SMALLCAP
JEDT.L,uk,TIER_1_SMALLCAP
JEGI.L,uk,TIER_1_SMALLCAP
JEMI.L,uk,TIER_1_SMALLCAP
JFJ.L,uk,TIER_1_SMALLCAP
JGGI.L,uk,TIER_1_SMALLCAP
JII.L,uk,TIER_1_SMALLCAP
JMAT.L,uk,TIER_1_SMALLCAP
JMG.L,uk,TIER_1_SMALLCAP
JSG.L,uk,TIER_1_SMALLCAP
JTC.L,uk,TIER_1_SMALLCAP
JUP.L,uk,TIER_1_SMALLCAP
KGF.L,uk,TIER_1_SMALLCAP
KIE.L,uk,TIER_1_SMALLCAP
KLR.L,uk,TIER_1_SMALLCAP
KNOS.L,uk,TIER_1_SMALLCAP
LAND.L,uk,TIER_1_SMALLCAP
LGEN.L,uk,TIER_1_SMALLCAP
LLOY.L,uk,TIER_1_SMALLCAP
LMP.L,uk,TIER_1_SMALLCAP
LRE.L,uk,TIER_1_SMALLCAP
LSEG.L,uk,TIER_1_SMALLCAP
LWDB.L,uk,TIER_1_SMALLCAP
MAB.L,uk,TIER_1_SMALLCAP
MEGP.L,uk,TIER_1_SMALLCAP
MGAM.L,uk,TIER_1_SMALLCAP
MGNS.L,uk,TIER_1_SMALLCAP
MKS.L,uk,TIER_1_SMALLCAP
MNDI.L,uk,TIER_1_SMALLCAP
MNG.L,uk,TIER_1_SMALLCAP
MNKS.L,uk,TIER_1_SMALLCAP
MNTN.L,uk,TIER_1_SMALLCAP
MONY.L,uk,TIER_1_SMALLCAP
MOON.L,uk,TIER_1_SMALLCAP
MRC.L,uk,TIER_1_SMALLCAP
MRCH.L,uk,TIER_1_SMALLCAP
MRO.L,uk,TIER_1_SMALLCAP
MSLH.L,uk,TIER_1_SMALLCAP
MTLN.L,uk,TIER_1_SMALLCAP
MTO.L,uk,TIER_1_SMALLCAP
MTRO.L,uk,TIER_1_SMALLCAP
MUT.L,uk,TIER_1_SMALLCAP
MYI.L,uk,TIER_1_SMALLCAP
NAS.L,uk,TIER_1_SMALLCAP
NBPE.L,uk,TIER_1_SMALLCAP
NCC.L,uk,TIER_1_SMALLCAP
NG.L,uk,TIER_1_SMALLCAP
NWG.L,uk,TIER_1_SMALLCAP
NXT.L,uk,TIER_1_SMALLCAP
OCDO.L,uk,TIER_1_SMALLCAP
OCI.L,uk,TIER_1_SMALLCAP
ONT.L,uk,TIER_1_SMALLCAP
OSB.L,uk,TIER_1_SMALLCAP
OXB.L,uk,TIER_1_SMALLCAP
OXIG.L,uk,TIER_1_SMALLCAP
PAF.L,uk,TIER_1_SMALLCAP
PAG.L,uk,TIER_1_SMALLCAP
PAGE.L,uk,TIER_1_SMALLCAP
PCGH.L,uk,TIER_1_SMALLCAP
PCT.L,uk,TIER_1_SMALLCAP
PETS.L,uk,TIER_1_SMALLCAP
PEY.L,uk,TIER_1_SMALLCAP
PFD.L,uk,TIER_1_SMALLCAP
PHI.L,uk,TIER_1_SMALLCAP
PHP.L,uk,TIER_1_SMALLCAP
PIN.L,uk,TIER_1_SMALLCAP
PINT.L,uk,TIER_1_SMALLCAP
PLUS.L,uk,TIER_1_SMALLCAP
PNL.L,uk,TIER_1_SMALLCAP
PNN.L,uk,TIER_1_SMALLCAP
POLN.L,uk,TIER_1_SMALLCAP
PPET.L,uk,TIER_1_SMALLCAP
PPH.L,uk,TIER_1_SMALLCAP
PRN.L,uk,TIER_1_SMALLCAP
PRU.L,uk,TIER_1_SMALLCAP
PSH.L,uk,TIER_1_SMALLCAP
PSN.L,uk,TIER_1_SMALLCAP
PSON.L,uk,TIER_1_SMALLCAP
PTEC.L,uk,TIER_1_SMALLCAP
QLT.L,uk,TIER_1_SMALLCAP
QQ.L,uk,TIER_1_SMALLCAP
RAT.L,uk,TIER_1_SMALLCAP
RCP.L,uk,TIER_1_SMALLCAP
REL.L,uk,TIER_1_SMALLCAP
RHIM.L,uk,TIER_1_SMALLCAP
RICA.L,uk,TIER_1_SMALLCAP
RIO.L,uk,TIER_1_SMALLCAP
RKT.L,uk,TIER_1_SMALLCAP
RMV.L,uk,TIER_1_SMALLCAP
RNK.L,uk,TIER_1_SMALLCAP
ROR.L,uk,TIER_1_SMALLCAP
RPI.L,uk,TIER_1_SMALLCAP
RR.L,uk,TIER_1_SMALLCAP
RSW.L,uk,TIER_1_SMALLCAP
RTO.L,uk,TIER_1_SMALLCAP
RTW.L,uk,TIER_1_SMALLCAP
SAFE.L,uk,TIER_1_SMALLCAP
SAGA.L,uk,TIER_1_SMALLCAP
SAIN.L,uk,TIER_1_SMALLCAP
SBRY.L,uk,TIER_1_SMALLCAP
SCT.L,uk,TIER_1_SMALLCAP
SDLF.L,uk,TIER_1_SMALLCAP
SDP.L,uk,TIER_1_SMALLCAP
SDR.L,uk,TIER_1_SMALLCAP
SEIT.L,uk,TIER_1_SMALLCAP
SEQI.L,uk,TIER_1_SMALLCAP
SGE.L,uk,TIER_1_SMALLCAP
SGRO.L,uk,TIER_1_SMALLCAP
SHAW.L,uk,TIER_1_SMALLCAP
SHC.L,uk,TIER_1_SMALLCAP
SHEL.L,uk,TIER_1_SMALLCAP
SMIN.L,uk,TIER_1_SMALLCAP
SMT.L,uk,TIER_1_SMALLCAP
SMWH.L,uk,TIER_1_SMALLCAP
SN.L,uk,TIER_1_SMALLCAP
SNR.L,uk,TIER_1_SMALLCAP
SOI.L,uk,TIER_1_SMALLCAP
SPI.L,uk,TIER_1_SMALLCAP
SPX.L,uk,TIER_1_SMALLCAP
SRE.L,uk,TIER_1_SMALLCAP
SRP.L,uk,TIER_1_SMALLCAP
SSE.L,uk,TIER_1_SMALLCAP
SSPG.L,uk,TIER_1_SMALLCAP
STAN.L,uk,TIER_1_SMALLCAP
STJ.L,uk,TIER_1_SMALLCAP
SUPR.L,uk,TIER_1_SMALLCAP
SVS.L,uk,TIER_1_SMALLCAP
SVT.L,uk,TIER_1_SMALLCAP
SYNC.L,uk,TIER_1_SMALLCAP
TATE.L,uk,TIER_1_SMALLCAP
TBCG.L,uk,TIER_1_SMALLCAP
TCAP.L,uk,TIER_1_SMALLCAP
TEM.L,uk,TIER_1_SMALLCAP
TEP.L,uk,TIER_1_SMALLCAP
TFIF.L,uk,TIER_1_SMALLCAP
THG.L,uk,TIER_1_SMALLCAP
THRG.L,uk,TIER_1_SMALLCAP
THRL.L,uk,TIER_1_SMALLCAP
TMPL.L,uk,TIER_1_SMALLCAP
TPK.L,uk,TIER_1_SMALLCAP
TRIG.L,uk,TIER_1_SMALLCAP
TRN.L,uk,TIER_1_SMALLCAP
TRST.L,uk,TIER_1_SMALLCAP
TRY.L,uk,TIER_1_SMALLCAP
TSCO.L,uk,TIER_1_SMALLCAP
TW.L,uk,TIER_1_SMALLCAP
UEM.L,uk,TIER_1_SMALLCAP
UKW.L,uk,TIER_1_SMALLCAP
ULVR.L,uk,TIER_1_SMALLCAP
USA.L,uk,TIER_1_SMALLCAP
UTG.L,uk,TIER_1_SMALLCAP
UU.L,uk,TIER_1_SMALLCAP
VCT.L,uk,TIER_1_SMALLCAP
VEIL.L,uk,TIER_1_SMALLCAP
VOD.L,uk,TIER_1_SMALLCAP
VOF.L,uk,TIER_1_SMALLCAP
VSVS.L,uk,TIER_1_SMALLCAP
VTY.L,uk,TIER_1_SMALLCAP
WEIR.L,uk,TIER_1_SMALLCAP
WIX.L,uk,TIER_1_SMALLCAP
WIZZ.L,uk,TIER_1_SMALLCAP
WKP.L,uk,TIER_1_SMALLCAP
WOSG.L,uk,TIER_1_SMALLCAP
WPP.L,uk,TIER_1_SMALLCAP
WTB.L,uk,TIER_1_SMALLCAP
WWH.L,uk,TIER_1_SMALLCAP
XPS.L,uk,TIER_1_SMALLCAP
ZIG.L,uk,TIER_1_SMALLCAP
